-- MySQL dump 10.13  Distrib 8.0.38, for Win64 (x86_64)
--
-- Host: localhost    Database: face_book
-- ------------------------------------------------------
-- Server version	8.0.38

/*!40101 SET @OLD_CHARACTER_SET_CLIENT=@@CHARACTER_SET_CLIENT */;
/*!40101 SET @OLD_CHARACTER_SET_RESULTS=@@CHARACTER_SET_RESULTS */;
/*!40101 SET @OLD_COLLATION_CONNECTION=@@COLLATION_CONNECTION */;
/*!50503 SET NAMES utf8mb4 */;
/*!40103 SET @OLD_TIME_ZONE=@@TIME_ZONE */;
/*!40103 SET TIME_ZONE='+00:00' */;
/*!40014 SET @OLD_UNIQUE_CHECKS=@@UNIQUE_CHECKS, UNIQUE_CHECKS=0 */;
/*!40014 SET @OLD_FOREIGN_KEY_CHECKS=@@FOREIGN_KEY_CHECKS, FOREIGN_KEY_CHECKS=0 */;
/*!40101 SET @OLD_SQL_MODE=@@SQL_MODE, SQL_MODE='NO_AUTO_VALUE_ON_ZERO' */;
/*!40111 SET @OLD_SQL_NOTES=@@SQL_NOTES, SQL_NOTES=0 */;

--
-- Table structure for table `chat_ai_memory`
--

DROP TABLE IF EXISTS `chat_ai_memory`;
/*!40101 SET @saved_cs_client     = @@character_set_client */;
/*!50503 SET character_set_client = utf8mb4 */;
CREATE TABLE `chat_ai_memory` (
  `chat_id` int NOT NULL AUTO_INCREMENT,
  `conversation_id` text NOT NULL,
  `role` char(50) NOT NULL,
  `content` text,
  `create_at` datetime DEFAULT CURRENT_TIMESTAMP,
  `user_id` int NOT NULL,
  PRIMARY KEY (`chat_id`)
) ENGINE=InnoDB AUTO_INCREMENT=239 DEFAULT CHARSET=utf8mb4 COLLATE=utf8mb4_0900_ai_ci;
/*!40101 SET character_set_client = @saved_cs_client */;

--
-- Dumping data for table `chat_ai_memory`
--

LOCK TABLES `chat_ai_memory` WRITE;
/*!40000 ALTER TABLE `chat_ai_memory` DISABLE KEYS */;
INSERT INTO `chat_ai_memory` VALUES (85,'null','USER','xin chào','2025-07-26 16:41:40',16),(86,'null','ASSISTANT','[{\"message\":\"Xin chào! Tôi là VChat Assistant. Bạn cần giúp đỡ gì hôm nay?\"}]','2025-07-26 16:41:42',16),(87,'null','USER','tôi tên là sáng','2025-07-26 16:41:51',16),(88,'null','ASSISTANT','[{\"message\":\"Rất vui được gặp bạn, Sáng! Bạn cần giúp gì hôm nay?\"}]','2025-07-26 16:41:51',16),(89,'null','USER','bạn có nhớ tên tôi không','2025-07-26 16:42:01',16),(90,'null','ASSISTANT','[{\"message\":\"Có, tôi nhớ tên bạn là Sáng! 😊 Bạn có điều gì muốn chia sẻ không?\"}]','2025-07-26 16:42:02',16),(91,'null','USER','sao bạn biết bạn là VChat assistant','2025-07-26 16:42:38',16),(92,'null','ASSISTANT','[{\"message\":\"Tôi biết mình là VChat Assistant vì đó là thông tin được lập trình trong hệ thống của tôi. Tôi ở đây để giúp đỡ bạn!\"}]','2025-07-26 16:42:39',16),(93,'null','USER','có thể cho tôi biết cung cấp ở phần nào BE không','2025-07-26 16:42:56',16),(94,'null','ASSISTANT','[{\"message\":\"Cung cấp thông tin về BE (Backend) thường nằm trong tài liệu kỹ thuật hoặc phần hướng dẫn dành cho lập trình viên của dự án. Bạn có thể tìm thấy thông tin này trong các phần như:\\n1. **Tài liệu API**: Giới thiệu về các endpoint và cách sử dụng chúng.\\n2. **Hướng dẫn cài đặt**: Thông tin về cách thiết lập môi trường phát triển.\\n3. **Hướng dẫn triển khai**: Cung cấp thông tin về cách đưa ứng dụng lên máy chủ hoặc dịch vụ đám mây.\\n4. **Thông tin kiến trúc**: Giải thích về cấu trúc của backend, các thành phần và cách chúng tương tác với nhau.\"}]','2025-07-26 16:42:59',16),(95,'null','USER','viết cho tôi 1 đoạn văn ngắn tầm 500 chữ về chủ để crypto','2025-07-26 16:45:44',16),(96,'null','ASSISTANT','[{\"message\":\"Cryptocurrency, commonly referred to as crypto, is a digital or virtual form of currency that uses cryptography for security. It operates on decentralized technology called blockchain, which is a distributed ledger enforced by a network of computers, known as nodes. This decentralization provides a level of security and transparency that traditional currencies do not offer. Bitcoin, created in 2009 by an anonymous person or group known as Satoshi Nakamoto, was the first cryptocurrency and remains the most well-known and valuable to date. Since then, thousands of alternative cryptocurrencies have emerged, including Ethereum, Ripple, and Litecoin, each with unique features and purposes.\\n\\nOne of the key advantages of cryptocurrencies is their potential for high returns on investment. Many early adopters of Bitcoin, for instance, saw their investments grow exponentially. However, the market is highly volatile, with prices often experiencing dramatic fluctuations in short periods. This volatility can pose significant risks, but it also attracts traders and investors looking to capitalize on price swings.\\n\\nAnother important aspect of crypto is its potential to disrupt traditional financial systems. Cryptocurrencies allow for peer-to-peer transactions without the need for intermediaries like banks, which can reduce transaction fees and increase transaction speed. This has led to increased interest in crypto from individuals in regions with unstable currencies or limited access to banking services. Additionally, the rise of decentralized finance (DeFi) platforms has further expanded the use cases for cryptocurrencies, allowing users to lend, borrow, and earn interest on their crypto assets without relying on traditional banks.\\n\\nDespite its growth and popularity, the crypto space faces challenges, including regulatory scrutiny. Governments worldwide are still figuring out how to regulate cryptocurrencies, with some leaning towards restrictive measures to prevent fraud and protect investors, while others embrace the technology as a means of innovation. Moreover, issues such as security breaches and the potential for illicit activities, like money laundering, have raised concerns among regulators and the public.\\n\\nIn conclusion, cryptocurrency represents a significant shift in how we think about money and financial systems. Its innovative technology offers both opportunities and challenges. As the market evolves, it will be interesting to see how cryptocurrencies integrate into everyday life and how regulations adapt to this rapidly changing landscape. Whether you are a seasoned investor or a curious newcomer, understanding crypto is essential in today\'s digital age.\"}]','2025-07-26 16:45:52',16),(97,'null','USER','viết cho tôi 1 đoạn văn ngắn tầm 500 chữ về chủ để crypto','2025-07-26 16:47:10',16),(98,'null','ASSISTANT','[{\"message\":\"Cryptocurrency, or crypto, has rapidly evolved into a significant component of the global financial landscape since the introduction of Bitcoin in 2009 by the enigmatic Satoshi Nakamoto. As a digital or virtual currency, crypto employs cryptography to secure transactions and control the creation of new units, functioning independently of central banks. This decentralized nature is facilitated by blockchain technology, a distributed ledger that records all transactions across a network of computers, ensuring transparency and security while minimizing the risk of fraud.\\n\\nThe allure of cryptocurrencies lies in their potential for high returns on investment. Many individuals who invested in Bitcoin during its early days witnessed extraordinary growth in their portfolios, leading to a surge of interest from both institutional and retail investors. However, the crypto market is notoriously volatile, with prices capable of soaring or plummeting within hours. This volatility creates opportunities for traders but also poses significant risks, prompting discussions about the need for regulatory frameworks to protect investors and stabilize the market.\\n\\nBeyond mere investment, cryptocurrencies are reshaping how we conduct transactions. They enable peer-to-peer transfers without the need for intermediaries like banks, which can reduce transaction fees and expedite the process. This characteristic is particularly beneficial in regions with unstable currencies or limited access to banking services, providing individuals with greater financial autonomy. The rise of decentralized finance (DeFi) platforms further enhances this potential, offering services such as lending, borrowing, and earning interest on crypto assets without traditional banking infrastructure.\\n\\nDespite its revolutionary potential, the cryptocurrency landscape is not without challenges. Regulatory scrutiny is increasing as governments strive to establish frameworks that address concerns related to security, fraud, and the potential for illicit activities. While some countries are adopting a hands-off approach to encourage innovation, others are implementing strict regulations that could hinder growth.\\n\\nAdditionally, the environmental impact of cryptocurrency mining, particularly for proof-of-work models like Bitcoin, has sparked widespread debate. Critics argue that the energy consumption associated with mining contributes to climate change, prompting some projects to explore more sustainable alternatives.\\n\\nIn summary, cryptocurrency represents a transformative shift in our understanding of money and finance. As it gains traction, its implications extend beyond investment, influencing how we interact with our financial systems. The future of crypto is likely to be shaped by technological advancements, regulatory developments, and societal acceptance, making it an exciting area to watch in the coming years.\"}]','2025-07-26 16:47:20',16),(99,'null','USER','viết cho tôi 1 đoạn văn ngắn tầm 500 chữ về chủ để crypto','2025-07-26 16:48:55',16),(100,'null','ASSISTANT','[{\"message\":\"Cryptocurrency, commonly referred to as crypto, has emerged as a revolutionary force in the financial world since the inception of Bitcoin in 2009 by the pseudonymous Satoshi Nakamoto. At its core, cryptocurrency is a digital or virtual form of money that employs cryptographic techniques to secure transactions, control the creation of new units, and verify the transfer of assets. One of the most fascinating aspects of cryptocurrencies is their decentralized nature, which means they operate independently of a central authority or government. This is made possible through blockchain technology, a distributed ledger that records all transactions across a network of computers, ensuring transparency and security.\\n\\nThe rise of cryptocurrencies has attracted a diverse array of investors, from individuals looking to profit from price fluctuations to large institutional investors seeking to diversify their portfolios. Bitcoin, being the first and most well-known cryptocurrency, has paved the way for thousands of alternatives, known as altcoins, each designed with unique features and use cases. Ethereum, for example, introduced the concept of smart contracts, enabling developers to create decentralized applications (dApps) on its platform, thereby expanding the utility of blockchain technology beyond simple transactions.\\n\\nHowever, the cryptocurrency market is notoriously volatile, with prices subject to rapid fluctuations influenced by a variety of factors, including market sentiment, regulatory news, and technological developments. This volatility presents both opportunities and risks for investors, leading many to engage in day trading or long-term holding strategies. Despite the potential for high returns, the risks associated with investing in cryptocurrencies have prompted discussions about the need for regulatory oversight to protect consumers and stabilize the market.\\n\\nAnother significant aspect of cryptocurrency is its potential to disrupt traditional financial systems. By facilitating peer-to-peer transactions without intermediaries, cryptocurrencies can reduce transaction costs and increase accessibility, particularly in regions with underdeveloped banking infrastructure. This has led to the rise of decentralized finance (DeFi), a movement that aims to recreate and improve upon traditional financial services using blockchain technology.\\n\\nDespite its advantages, the cryptocurrency landscape faces challenges, including regulatory scrutiny and concerns about security. Governments around the world are grappling with how to regulate cryptocurrencies effectively, balancing innovation with the need to prevent fraud and protect investors. Additionally, the environmental impact of cryptocurrency mining, particularly in energy-intensive proof-of-work systems like Bitcoin, has sparked debates about sustainability and the long-term viability of such practices.\\n\\nIn conclusion, cryptocurrency is reshaping the financial landscape in profound ways. While it offers exciting opportunities for innovation and investment, it also presents challenges that require careful consideration and regulation. As the technology continues to evolve, the future of cryptocurrency will likely be influenced by advancements in technology, regulatory developments, and societal acceptance, making it an intriguing area to watch.\"}]','2025-07-26 16:49:06',16),(101,'null','USER','viết cho tôi 1 đoạn văn ngắn tầm 500 chữ về chủ để crypto','2025-07-26 16:49:29',16),(102,'null','ASSISTANT','[{\"message\":\"Cryptocurrency, commonly known as crypto, has gained significant traction in recent years, transforming the way we perceive and utilize money. At its core, cryptocurrency is a digital or virtual currency that employs cryptographic techniques to secure transactions and control the creation of new units. The most notable cryptocurrency, Bitcoin, was introduced in 2009 by an unknown individual or group under the pseudonym Satoshi Nakamoto. Bitcoin operates on a decentralized network using blockchain technology, which is a distributed ledger that records all transactions across a network of computers, ensuring transparency and security without the need for a central authority.\\n\\nSince the launch of Bitcoin, thousands of alternative cryptocurrencies, or altcoins, have emerged, each with unique features and functionalities. For example, Ethereum introduced smart contracts, enabling developers to create decentralized applications (dApps) that run on its blockchain. This innovation has opened up new possibilities for various sectors, including finance, gaming, and supply chain management. The decentralized nature of cryptocurrencies allows for peer-to-peer transactions, reducing reliance on traditional financial institutions and potentially lowering transaction fees.\\n\\nThe rise of cryptocurrencies has attracted a diverse range of investors, from individual enthusiasts to institutional investors, all seeking to capitalize on the potential for high returns. However, the cryptocurrency market is notoriously volatile, with prices often experiencing significant fluctuations. This volatility can create substantial opportunities for profit, but it also poses risks for investors who may lose a significant portion of their investments in a short time frame. As a result, discussions around regulation have become increasingly important, as governments and regulatory bodies strive to establish frameworks that protect consumers while fostering innovation.\\n\\nIn addition to investment opportunities, cryptocurrencies have the potential to reshape the global economy. They offer financial services to the unbanked population, providing access to digital currencies without the need for traditional banking infrastructure. This is particularly beneficial in regions where banking services are limited or unreliable. Furthermore, the rise of decentralized finance (DeFi) platforms has enabled users to engage in various financial activities, such as lending, borrowing, and earning interest on their crypto holdings, without the need for intermediaries.\\n\\nDespite the numerous advantages, the cryptocurrency space faces several challenges, including security concerns and the environmental impact of mining operations, particularly for proof-of-work cryptocurrencies like Bitcoin. The energy consumption associated with mining has sparked debates about sustainability and the long-term viability of certain cryptocurrencies.\\n\\nIn conclusion, cryptocurrency represents a significant shift in how we view and interact with money. As technology continues to evolve, the future of crypto will likely be influenced by regulatory developments, technological advancements, and societal acceptance, making it a dynamic and intriguing area to watch.\"}]','2025-07-26 16:49:39',16),(103,'null','USER','viết cho tôi 1 đoạn văn ngắn tầm 500 chữ về chủ để crypto','2025-07-26 16:50:15',16),(104,'null','ASSISTANT','[{\"message\":\"Cryptocurrency, often referred to as crypto, has emerged as a groundbreaking innovation in the financial landscape, transforming how we think about money and transactions. At its core, cryptocurrency is a form of digital or virtual currency that utilizes cryptography to secure transactions, control the creation of new units, and verify the transfer of assets. The most prominent example of cryptocurrency is Bitcoin, which was introduced in 2009 by an anonymous entity known as Satoshi Nakamoto. Bitcoin operates on a decentralized network using blockchain technology, a distributed ledger that records all transactions across a network of computers, ensuring transparency and security without the need for a central authority.\\n\\nSince the launch of Bitcoin, the cryptocurrency ecosystem has expanded rapidly, with thousands of alternative cryptocurrencies, or altcoins, emerging. Each altcoin typically offers unique features and functionalities. For instance, Ethereum introduced the concept of smart contracts, enabling developers to create decentralized applications (dApps) that can run on its blockchain. This capability has opened up new avenues for innovation across various sectors, including finance, supply chain management, and entertainment.\\n\\nThe rise of cryptocurrencies has attracted a diverse array of investors, from individual enthusiasts to large institutional players, all drawn by the potential for substantial returns. However, the cryptocurrency market is notorious for its volatility, with prices often experiencing dramatic fluctuations. This volatility creates both opportunities for profit and risks for investors, leading to ongoing discussions about the necessity of regulatory frameworks to protect consumers and ensure market stability.\\n\\nMoreover, cryptocurrencies have the potential to revolutionize global finance by providing financial services to unbanked populations. In many regions, traditional banking infrastructure is lacking, making it difficult for individuals to access basic financial services. Cryptocurrencies can offer an alternative, facilitating peer-to-peer transactions and allowing individuals to store value securely without relying on banks. The emergence of decentralized finance (DeFi) platforms further enhances this potential, enabling users to lend, borrow, and earn interest on their crypto holdings without intermediaries.\\n\\nDespite the numerous advantages, the cryptocurrency landscape is not without its challenges. Issues such as security breaches, fraud, and the environmental impact of cryptocurrency mining, especially for proof-of-work models like Bitcoin, have raised important questions about sustainability. The energy consumption associated with mining operations has sparked debates about the long-term viability of certain cryptocurrencies and their environmental footprint.\\n\\nIn conclusion, cryptocurrency represents a significant shift in our understanding of money and financial systems. As technology continues to evolve and regulatory frameworks develop, the future of cryptocurrencies will likely be shaped by a combination of innovation, regulation, and societal acceptance. This dynamic and rapidly changing landscape makes the world of crypto an exciting space to watch.\"}]','2025-07-26 16:50:25',16),(105,'null','USER','viết cho tôi 1 đoạn văn ngắn tầm 500 chữ về chủ để crypto','2025-07-26 16:51:08',16),(106,'null','ASSISTANT','[{\"message\":\"Cryptocurrency, often referred to as crypto, has emerged as a groundbreaking innovation in the financial landscape, transforming how we think about money and transactions. At its core, cryptocurrency is a form of digital or virtual currency that utilizes cryptography to secure transactions, control the creation of new units, and verify the transfer of assets. The most prominent example of cryptocurrency is Bitcoin, which was introduced in 2009 by an anonymous entity known as Satoshi Nakamoto. Bitcoin operates on a decentralized network using blockchain technology, a distributed ledger that records all transactions across a network of computers, ensuring transparency and security without the need for a central authority.\\n\\nSince the launch of Bitcoin, the cryptocurrency ecosystem has expanded rapidly, with thousands of alternative cryptocurrencies, or altcoins, emerging. Each altcoin typically offers unique features and functionalities. For instance, Ethereum introduced the concept of smart contracts, enabling developers to create decentralized applications (dApps) that can run on its blockchain. This capability has opened up new avenues for innovation across various sectors, including finance, supply chain management, and entertainment.\\n\\nThe rise of cryptocurrencies has attracted a diverse array of investors, from individual enthusiasts to large institutional players, all drawn by the potential for substantial returns. However, the cryptocurrency market is notorious for its volatility, with prices often experiencing dramatic fluctuations. This volatility creates both opportunities for profit and risks for investors, leading to ongoing discussions about the necessity of regulatory frameworks to protect consumers and ensure market stability.\\n\\nMoreover, cryptocurrencies have the potential to revolutionize global finance by providing financial services to unbanked populations. In many regions, traditional banking infrastructure is lacking, making it difficult for individuals to access basic financial services. Cryptocurrencies can offer an alternative, facilitating peer-to-peer transactions and allowing individuals to store value securely without relying on banks. The emergence of decentralized finance (DeFi) platforms further enhances this potential, enabling users to lend, borrow, and earn interest on their crypto holdings without intermediaries.\\n\\nDespite the numerous advantages, the cryptocurrency landscape is not without its challenges. Issues such as security breaches, fraud, and the environmental impact of cryptocurrency mining, especially for proof-of-work models like Bitcoin, have raised important questions about sustainability. The energy consumption associated with mining operations has sparked debates about the long-term viability of certain cryptocurrencies and their environmental footprint.\\n\\nIn conclusion, cryptocurrency represents a significant shift in our understanding of money and financial systems. As technology continues to evolve and regulatory frameworks develop, the future of cryptocurrencies will likely be shaped by a combination of innovation, regulation, and societal acceptance. This dynamic and rapidly changing landscape makes the world of crypto an exciting space to watch.\"}]','2025-07-26 16:51:18',16),(107,'null','USER','viết cho tôi 1 đoạn văn ngắn tầm 500 chữ về chủ để crypto','2025-07-26 16:52:10',16),(108,'null','ASSISTANT','[{\"message\":\"Cryptocurrency, or crypto, represents a revolutionary shift in the financial landscape, fundamentally changing how we view and use money. At its essence, cryptocurrency is a digital or virtual form of currency that leverages cryptography for secure financial transactions. The inception of Bitcoin in 2009 by an anonymous creator known as Satoshi Nakamoto marked the beginning of this new era in finance. Bitcoin operates on blockchain technology, a decentralized ledger that records all transactions across a network of computers, ensuring transparency and security without the need for a central authority. \\n\\nSince Bitcoin\'s emergence, thousands of alternative cryptocurrencies, known as altcoins, have been developed, each bringing unique features and functionalities to the table. Ethereum, for instance, introduced the concept of smart contracts, allowing developers to build decentralized applications (dApps) on its blockchain. This innovation has opened up new possibilities across various industries, including finance, gaming, and supply chain management. The decentralized nature of cryptocurrencies allows for peer-to-peer transactions, which can reduce transaction fees and increase the speed of transfers. \\n\\nDespite the potential for high returns, the cryptocurrency market is known for its volatility. Prices can fluctuate dramatically within short periods, leading to significant gains or losses for investors. This volatility has attracted both individual and institutional investors, all eager to capitalize on the market\'s potential. However, it has also raised concerns about the need for regulatory oversight to protect consumers and stabilize the market. Governments around the world are grappling with how to regulate cryptocurrencies effectively, aiming to strike a balance between encouraging innovation and safeguarding investors. \\n\\nBeyond investment opportunities, cryptocurrencies have the potential to provide financial services to unbanked populations. In many parts of the world, traditional banking infrastructure is lacking, making it difficult for individuals to access essential financial services. Cryptocurrencies can facilitate these services, enabling users to conduct transactions and store value without relying on banks. The rise of decentralized finance (DeFi) platforms has further enhanced this potential, allowing users to lend, borrow, and earn interest on their crypto holdings without intermediaries. \\n\\nHowever, the cryptocurrency landscape is not without its challenges. Security issues, including hacking and fraud, have raised concerns about the safety of digital assets. Additionally, the environmental impact of cryptocurrency mining, particularly for proof-of-work models like Bitcoin, has sparked debates about sustainability. The energy consumption associated with mining operations has led to questions regarding the long-term viability of certain cryptocurrencies and their ecological footprint. \\n\\nIn conclusion, cryptocurrency signifies a profound shift in our understanding of money and financial systems. As technology advances and regulatory frameworks develop, the future of cryptocurrencies will likely be shaped by a combination of innovation, regulation, and societal acceptance. This exciting and rapidly evolving landscape makes cryptocurrency a fascinating topic to explore.\"}]','2025-07-26 16:52:22',16),(109,'null','USER','Cryptocurrency, or crypto, represents a revolutionary shift in the financial landscape, fundamentally changing how we view and use money. At its essence, cryptocurrency is a digital or virtual form of currency that leverages cryptography for secure financial transactions. The inception of Bitcoin in 2009 by an anonymous creator known as Satoshi Nakamoto marked the beginning of this new era in finance. Bitcoin operates on blockchain technology, a decentralized ledger that records all transactions across a network of computers, ensuring transparency and security without the need for a central authority.\r\n\r\nSince Bitcoin\'s emergence, thousands of alternative cryptocurrencies, known as altcoins, have been developed, each bringing unique features and functionalities to the table. Ethereum, for instance, introduced the concept of smart contracts, allowing developers to build decentralized applications (dApps) on its blockchain. This innovation has opened up new possibilities across various industries, including finance, gaming, and supply chain management. The decentralized nature of cryptocurrencies allows for peer-to-peer transactions, which can reduce transaction fees and increase the speed of transfers.\r\n\r\nDespite the potential for high returns, the cryptocurrency market is known for its volatility. Prices can fluctuate dramatically within short periods, leading to significant gains or losses for investors. This volatility has attracted both individual and institutional investors, all eager to capitalize on the market\'s potential. However, it has also raised concerns about the need for regulatory oversight to protect consumers and stabilize the market. Governments around the world are grappling with how to regulate cryptocurrencies effectively, aiming to strike a balance between encouraging innovation and safeguarding investors.\r\n\r\nBeyond investment opportunities, cryptocurrencies have the potential to provide financial services to unbanked populations. In many parts of the world, traditional banking infrastructure is lacking, making it difficult for individuals to access essential financial services. Cryptocurrencies can facilitate these services, enabling users to conduct transactions and store value without relying on banks. The rise of decentralized finance (DeFi) platforms has further enhanced this potential, allowing users to lend, borrow, and earn interest on their crypto holdings without intermediaries.\r\n\r\nHowever, the cryptocurrency landscape is not without its challenges. Security issues, including hacking and fraud, have raised concerns about the safety of digital assets. Additionally, the environmental impact of cryptocurrency mining, particularly for proof-of-work models like Bitcoin, has sparked debates about sustainability. The energy consumption associated with mining operations has led to questions regarding the long-term viability of certain cryptocurrencies and their ecological footprint.\r\n\r\nIn conclusion, cryptocurrency signifies a profound shift in our understanding of money and financial systems. As technology advances and regulatory frameworks develop, the future of cryptocurrencies will likely be shaped by a combination of innovation, regulation, and societal acceptance. This exciting and rapidly evolving landscape makes cryptocurrency a fascinating topic to explore.','2025-07-26 16:53:09',16),(110,'null','ASSISTANT','[{\"message\":\"Cryptocurrency, or crypto, represents a revolutionary shift in the financial landscape, fundamentally changing how we view and use money. At its essence, cryptocurrency is a digital or virtual form of currency that leverages cryptography for secure financial transactions. The inception of Bitcoin in 2009 by an anonymous creator known as Satoshi Nakamoto marked the beginning of this new era in finance. Bitcoin operates on blockchain technology, a decentralized ledger that records all transactions across a network of computers, ensuring transparency and security without the need for a central authority.\"},{\"message\":\"Since Bitcoin\'s emergence, thousands of alternative cryptocurrencies, known as altcoins, have been developed, each bringing unique features and functionalities to the table. Ethereum, for instance, introduced the concept of smart contracts, allowing developers to build decentralized applications (dApps) on its blockchain. This innovation has opened up new possibilities across various industries, including finance, gaming, and supply chain management. The decentralized nature of cryptocurrencies allows for peer-to-peer transactions, which can reduce transaction fees and increase the speed of transfers.\"},{\"message\":\"Despite the potential for high returns, the cryptocurrency market is known for its volatility. Prices can fluctuate dramatically within short periods, leading to significant gains or losses for investors. This volatility has attracted both individual and institutional investors, all eager to capitalize on the market\'s potential. However, it has also raised concerns about the need for regulatory oversight to protect consumers and stabilize the market. Governments around the world are grappling with how to regulate cryptocurrencies effectively, aiming to strike a balance between encouraging innovation and safeguarding investors.\"},{\"message\":\"Beyond investment opportunities, cryptocurrencies have the potential to provide financial services to unbanked populations. In many parts of the world, traditional banking infrastructure is lacking, making it difficult for individuals to access essential financial services. Cryptocurrencies can facilitate these services, enabling users to conduct transactions and store value without relying on banks. The rise of decentralized finance (DeFi) platforms has further enhanced this potential, allowing users to lend, borrow, and earn interest on their crypto holdings without intermediaries.\"},{\"message\":\"However, the cryptocurrency landscape is not without its challenges. Security issues, including hacking and fraud, have raised concerns about the safety of digital assets. Additionally, the environmental impact of cryptocurrency mining, particularly for proof-of-work models like Bitcoin, has sparked debates about sustainability. The energy consumption associated with mining operations has led to questions regarding the long-term viability of certain cryptocurrencies and their ecological footprint.\"},{\"message\":\"In conclusion, cryptocurrency signifies a profound shift in our understanding of money and financial systems. As technology advances and regulatory frameworks develop, the future of cryptocurrencies will likely be shaped by a combination of innovation, regulation, and societal acceptance. This exciting and rapidly evolving landscape makes cryptocurrency a fascinating topic to explore.\"}]','2025-07-26 16:53:20',16),(111,'null','USER','Cryptocurrency, or crypto, represents a revolutionary shift in the financial landscape, fundamentally changing how we view and use money. At its essence, cryptocurrency is a digital or virtual form of currency that leverages cryptography for secure financial transactions. The inception of Bitcoin in 2009 by an anonymous creator known as Satoshi Nakamoto marked the beginning of this new era in finance. Bitcoin operates on blockchain technology, a decentralized ledger that records all transactions across a network of computers, ensuring transparency and security without the need for a central authority.\r\n\r\nSince Bitcoin\'s emergence, thousands of alternative cryptocurrencies, known as altcoins, have been developed, each bringing unique features and functionalities to the table. Ethereum, for instance, introduced the concept of smart contracts, allowing developers to build decentralized applications (dApps) on its blockchain. This innovation has opened up new possibilities across various industries, including finance, gaming, and supply chain management. The decentralized nature of cryptocurrencies allows for peer-to-peer transactions, which can reduce transaction fees and increase the speed of transfers.\r\n\r\nDespite the potential for high returns, the cryptocurrency market is known for its volatility. Prices can fluctuate dramatically within short periods, leading to significant gains or losses for investors. This volatility has attracted both individual and institutional investors, all eager to capitalize on the market\'s potential. However, it has also raised concerns about the need for regulatory oversight to protect consumers and stabilize the market. Governments around the world are grappling with how to regulate cryptocurrencies effectively, aiming to strike a balance between encouraging innovation and safeguarding investors.\r\n\r\nBeyond investment opportunities, cryptocurrencies have the potential to provide financial services to unbanked populations. In many parts of the world, traditional banking infrastructure is lacking, making it difficult for individuals to access essential financial services. Cryptocurrencies can facilitate these services, enabling users to conduct transactions and store value without relying on banks. The rise of decentralized finance (DeFi) platforms has further enhanced this potential, allowing users to lend, borrow, and earn interest on their crypto holdings without intermediaries.\r\n\r\nHowever, the cryptocurrency landscape is not without its challenges. Security issues, including hacking and fraud, have raised concerns about the safety of digital assets. Additionally, the environmental impact of cryptocurrency mining, particularly for proof-of-work models like Bitcoin, has sparked debates about sustainability. The energy consumption associated with mining operations has led to questions regarding the long-term viability of certain cryptocurrencies and their ecological footprint.\r\n\r\nIn conclusion, cryptocurrency signifies a profound shift in our understanding of money and financial systems. As technology advances and regulatory frameworks develop, the future of cryptocurrencies will likely be shaped by a combination of innovation, regulation, and societal acceptance. This exciting and rapidly evolving landscape makes cryptocurrency a fascinating topic to explore.','2025-07-26 16:54:06',16),(112,'null','USER','Cryptocurrency, or crypto, represents a revolutionary shift in the financial landscape, fundamentally changing how we view and use money. At its essence, cryptocurrency is a digital or virtual form of currency that leverages cryptography for secure financial transactions. The inception of Bitcoin in 2009 by an anonymous creator known as Satoshi Nakamoto marked the beginning of this new era in finance. Bitcoin operates on blockchain technology, a decentralized ledger that records all transactions across a network of computers, ensuring transparency and security without the need for a central authority.\r\n\r\nSince Bitcoin\'s emergence, thousands of alternative cryptocurrencies, known as altcoins, have been developed, each bringing unique features and functionalities to the table. Ethereum, for instance, introduced the concept of smart contracts, allowing developers to build decentralized applications (dApps) on its blockchain. This innovation has opened up new possibilities across various industries, including finance, gaming, and supply chain management. The decentralized nature of cryptocurrencies allows for peer-to-peer transactions, which can reduce transaction fees and increase the speed of transfers.\r\n\r\nDespite the potential for high returns, the cryptocurrency market is known for its volatility. Prices can fluctuate dramatically within short periods, leading to significant gains or losses for investors. This volatility has attracted both individual and institutional investors, all eager to capitalize on the market\'s potential. However, it has also raised concerns about the need for regulatory oversight to protect consumers and stabilize the market. Governments around the world are grappling with how to regulate cryptocurrencies effectively, aiming to strike a balance between encouraging innovation and safeguarding investors.\r\n\r\nBeyond investment opportunities, cryptocurrencies have the potential to provide financial services to unbanked populations. In many parts of the world, traditional banking infrastructure is lacking, making it difficult for individuals to access essential financial services. Cryptocurrencies can facilitate these services, enabling users to conduct transactions and store value without relying on banks. The rise of decentralized finance (DeFi) platforms has further enhanced this potential, allowing users to lend, borrow, and earn interest on their crypto holdings without intermediaries.\r\n\r\nHowever, the cryptocurrency landscape is not without its challenges. Security issues, including hacking and fraud, have raised concerns about the safety of digital assets. Additionally, the environmental impact of cryptocurrency mining, particularly for proof-of-work models like Bitcoin, has sparked debates about sustainability. The energy consumption associated with mining operations has led to questions regarding the long-term viability of certain cryptocurrencies and their ecological footprint.\r\n\r\nIn conclusion, cryptocurrency signifies a profound shift in our understanding of money and financial systems. As technology advances and regulatory frameworks develop, the future of cryptocurrencies will likely be shaped by a combination of innovation, regulation, and societal acceptance. This exciting and rapidly evolving landscape makes cryptocurrency a fascinating topic to explore.','2025-07-26 16:54:16',16),(113,'null','ASSISTANT','[{\"message\":\"Cryptocurrency, or crypto, represents a revolutionary shift in the financial landscape, fundamentally changing how we view and use money. At its essence, cryptocurrency is a digital or virtual form of currency that leverages cryptography for secure financial transactions. The inception of Bitcoin in 2009 by an anonymous creator known as Satoshi Nakamoto marked the beginning of this new era in finance. Bitcoin operates on blockchain technology, a decentralized ledger that records all transactions across a network of computers, ensuring transparency and security without the need for a central authority.\"},{\"message\":\"Since Bitcoin\'s emergence, thousands of alternative cryptocurrencies, known as altcoins, have been developed, each bringing unique features and functionalities to the table. Ethereum, for instance, introduced the concept of smart contracts, allowing developers to build decentralized applications (dApps) on its blockchain. This innovation has opened up new possibilities across various industries, including finance, gaming, and supply chain management. The decentralized nature of cryptocurrencies allows for peer-to-peer transactions, which can reduce transaction fees and increase the speed of transfers.\"},{\"message\":\"Despite the potential for high returns, the cryptocurrency market is known for its volatility. Prices can fluctuate dramatically within short periods, leading to significant gains or losses for investors. This volatility has attracted both individual and institutional investors, all eager to capitalize on the market\'s potential. However, it has also raised concerns about the need for regulatory oversight to protect consumers and stabilize the market. Governments around the world are grappling with how to regulate cryptocurrencies effectively, aiming to strike a balance between encouraging innovation and safeguarding investors.\"},{\"message\":\"Beyond investment opportunities, cryptocurrencies have the potential to provide financial services to unbanked populations. In many parts of the world, traditional banking infrastructure is lacking, making it difficult for individuals to access essential financial services. Cryptocurrencies can facilitate these services, enabling users to conduct transactions and store value without relying on banks. The rise of decentralized finance (DeFi) platforms has further enhanced this potential, allowing users to lend, borrow, and earn interest on their crypto holdings without intermediaries.\"},{\"message\":\"However, the cryptocurrency landscape is not without its challenges. Security issues, including hacking and fraud, have raised concerns about the safety of digital assets. Additionally, the environmental impact of cryptocurrency mining, particularly for proof-of-work models like Bitcoin, has sparked debates about sustainability. The energy consumption associated with mining operations has led to questions regarding the long-term viability of certain cryptocurrencies and their ecological footprint.\"},{\"message\":\"In conclusion, cryptocurrency signifies a profound shift in our understanding of money and financial systems. As technology advances and regulatory frameworks develop, the future of cryptocurrencies will likely be shaped by a combination of innovation, regulation, and societal acceptance. This exciting and rapidly evolving landscape makes cryptocurrency a fascinating topic to explore.\"}]','2025-07-26 16:54:17',16),(114,'null','ASSISTANT','[\r\n  {\r\n    \"message\": \"Cryptocurrency, or crypto, represents a revolutionary shift in the financial landscape, fundamentally changing how we view and use money. At its essence, cryptocurrency is a digital or virtual form of currency that leverages cryptography for secure financial transactions. The inception of Bitcoin in 2009 by an anonymous creator known as Satoshi Nakamoto marked the beginning of this new era in finance. Bitcoin operates on blockchain technology, a decentralized ledger that records all transactions across a network of computers, ensuring transparency and security without the need for a central authority.\"\r\n  },\r\n  {\r\n    \"message\": \"Since Bitcoin\'s emergence, thousands of alternative cryptocurrencies, known as altcoins, have been developed, each bringing unique features and functionalities to the table. Ethereum, for instance, introduced the concept of smart contracts, allowing developers to build decentralized applications (dApps) on its blockchain. This innovation has opened up new possibilities across various industries, including finance, gaming, and supply chain management. The decentralized nature of cryptocurrencies allows for peer-to-peer transactions, which can reduce transaction fees and increase the speed of transfers.\"\r\n  },\r\n  {\r\n    \"message\": \"Despite the potential for high returns, the cryptocurrency market is known for its volatility. Prices can fluctuate dramatically within short periods, leading to significant gains or losses for investors. This volatility has attracted both individual and institutional investors, all eager to capitalize on the market\'s potential. However, it has also raised concerns about the need for regulatory oversight to protect consumers and stabilize the market. Governments around the world are grappling with how to regulate cryptocurrencies effectively, aiming to strike a balance between encouraging innovation and safeguarding investors.\"\r\n  },\r\n  {\r\n    \"message\": \"Beyond investment opportunities, cryptocurrencies have the potential to provide financial services to unbanked populations. In many parts of the world, traditional banking infrastructure is lacking, making it difficult for individuals to access essential financial services. Cryptocurrencies can facilitate these services, enabling users to conduct transactions and store value without relying on banks. The rise of decentralized finance (DeFi) platforms has further enhanced this potential, allowing users to lend, borrow, and earn interest on their crypto holdings without intermediaries.\"\r\n  },\r\n  {\r\n    \"message\": \"However, the cryptocurrency landscape is not without its challenges. Security issues, including hacking and fraud, have raised concerns about the safety of digital assets. Additionally, the environmental impact of cryptocurrency mining, particularly for proof-of-work models like Bitcoin, has sparked debates about sustainability. The energy consumption associated with mining operations has led to questions regarding the long-term viability of certain cryptocurrencies and their ecological footprint.\"\r\n  },\r\n  {\r\n    \"message\": \"In conclusion, cryptocurrency signifies a profound shift in our understanding of money and financial systems. As technology advances and regulatory frameworks develop, the future of cryptocurrencies will likely be shaped by a combination of innovation, regulation, and societal acceptance. This exciting and rapidly evolving landscape makes cryptocurrency a fascinating topic to explore.\"\r\n  }\r\n]','2025-07-26 16:54:28',16),(115,'null','USER','Cryptocurrency, or crypto, represents a revolutionary shift in the financial landscape, fundamentally changing how we view and use money. At its essence, cryptocurrency is a digital or virtual form of currency that leverages cryptography for secure financial transactions. The inception of Bitcoin in 2009 by an anonymous creator known as Satoshi Nakamoto marked the beginning of this new era in finance. Bitcoin operates on blockchain technology, a decentralized ledger that records all transactions across a network of computers, ensuring transparency and security without the need for a central authority.\r\n\r\nSince Bitcoin\'s emergence, thousands of alternative cryptocurrencies, known as altcoins, have been developed, each bringing unique features and functionalities to the table. Ethereum, for instance, introduced the concept of smart contracts, allowing developers to build decentralized applications (dApps) on its blockchain. This innovation has opened up new possibilities across various industries, including finance, gaming, and supply chain management. The decentralized nature of cryptocurrencies allows for peer-to-peer transactions, which can reduce transaction fees and increase the speed of transfers.\r\n\r\nDespite the potential for high returns, the cryptocurrency market is known for its volatility. Prices can fluctuate dramatically within short periods, leading to significant gains or losses for investors. This volatility has attracted both individual and institutional investors, all eager to capitalize on the market\'s potential. However, it has also raised concerns about the need for regulatory oversight to protect consumers and stabilize the market. Governments around the world are grappling with how to regulate cryptocurrencies effectively, aiming to strike a balance between encouraging innovation and safeguarding investors.\r\n\r\nBeyond investment opportunities, cryptocurrencies have the potential to provide financial services to unbanked populations. In many parts of the world, traditional banking infrastructure is lacking, making it difficult for individuals to access essential financial services. Cryptocurrencies can facilitate these services, enabling users to conduct transactions and store value without relying on banks. The rise of decentralized finance (DeFi) platforms has further enhanced this potential, allowing users to lend, borrow, and earn interest on their crypto holdings without intermediaries.\r\n\r\nHowever, the cryptocurrency landscape is not without its challenges. Security issues, including hacking and fraud, have raised concerns about the safety of digital assets. Additionally, the environmental impact of cryptocurrency mining, particularly for proof-of-work models like Bitcoin, has sparked debates about sustainability. The energy consumption associated with mining operations has led to questions regarding the long-term viability of certain cryptocurrencies and their ecological footprint.\r\n\r\nIn conclusion, cryptocurrency signifies a profound shift in our understanding of money and financial systems. As technology advances and regulatory frameworks develop, the future of cryptocurrencies will likely be shaped by a combination of innovation, regulation, and societal acceptance. This exciting and rapidly evolving landscape makes cryptocurrency a fascinating topic to explore.','2025-07-26 16:56:02',16),(116,'null','ASSISTANT','[\r\n  {\r\n    \"message\": \"Cryptocurrency, or crypto, represents a revolutionary shift in the financial landscape, fundamentally changing how we view and use money. At its essence, cryptocurrency is a digital or virtual form of currency that leverages cryptography for secure financial transactions. The inception of Bitcoin in 2009 by an anonymous creator known as Satoshi Nakamoto marked the beginning of this new era in finance. Bitcoin operates on blockchain technology, a decentralized ledger that records all transactions across a network of computers, ensuring transparency and security without the need for a central authority.\"\r\n  },\r\n  {\r\n    \"message\": \"Since Bitcoin\'s emergence, thousands of alternative cryptocurrencies, known as altcoins, have been developed, each bringing unique features and functionalities to the table. Ethereum, for instance, introduced the concept of smart contracts, allowing developers to build decentralized applications (dApps) on its blockchain. This innovation has opened up new possibilities across various industries, including finance, gaming, and supply chain management. The decentralized nature of cryptocurrencies allows for peer-to-peer transactions, which can reduce transaction fees and increase the speed of transfers.\"\r\n  },\r\n  {\r\n    \"message\": \"Despite the potential for high returns, the cryptocurrency market is known for its volatility. Prices can fluctuate dramatically within short periods, leading to significant gains or losses for investors. This volatility has attracted both individual and institutional investors, all eager to capitalize on the market\'s potential. However, it has also raised concerns about the need for regulatory oversight to protect consumers and stabilize the market. Governments around the world are grappling with how to regulate cryptocurrencies effectively, aiming to strike a balance between encouraging innovation and safeguarding investors.\"\r\n  },\r\n  {\r\n    \"message\": \"Beyond investment opportunities, cryptocurrencies have the potential to provide financial services to unbanked populations. In many parts of the world, traditional banking infrastructure is lacking, making it difficult for individuals to access essential financial services. Cryptocurrencies can facilitate these services, enabling users to conduct transactions and store value without relying on banks. The rise of decentralized finance (DeFi) platforms has further enhanced this potential, allowing users to lend, borrow, and earn interest on their crypto holdings without intermediaries.\"\r\n  },\r\n  {\r\n    \"message\": \"However, the cryptocurrency landscape is not without its challenges. Security issues, including hacking and fraud, have raised concerns about the safety of digital assets. Additionally, the environmental impact of cryptocurrency mining, particularly for proof-of-work models like Bitcoin, has sparked debates about sustainability. The energy consumption associated with mining operations has led to questions regarding the long-term viability of certain cryptocurrencies and their ecological footprint.\"\r\n  },\r\n  {\r\n    \"message\": \"In conclusion, cryptocurrency signifies a profound shift in our understanding of money and financial systems. As technology advances and regulatory frameworks develop, the future of cryptocurrencies will likely be shaped by a combination of innovation, regulation, and societal acceptance. This exciting and rapidly evolving landscape makes cryptocurrency a fascinating topic to explore.\"\r\n  }\r\n]','2025-07-26 16:56:12',16),(117,'null','USER','helo','2025-07-26 16:58:12',16),(118,'null','ASSISTANT','[{\"message\":\"Hello! How can I assist you today?\"}]','2025-07-26 16:58:13',16),(119,'null','USER','Cryptocurrency, or crypto, represents a revolutionary shift in the financial landscape, fundamentally changing how we view and use money. At its essence, cryptocurrency is a digital or virtual form of currency that leverages cryptography for secure financial transactions. The inception of Bitcoin in 2009 by an anonymous creator known as Satoshi Nakamoto marked the beginning of this new era in finance. Bitcoin operates on blockchain technology, a decentralized ledger that records all transactions across a network of computers, ensuring transparency and security without the need for a central authority.\r\n\r\nSince Bitcoin\'s emergence, thousands of alternative cryptocurrencies, known as altcoins, have been developed, each bringing unique features and functionalities to the table. Ethereum, for instance, introduced the concept of smart contracts, allowing developers to build decentralized applications (dApps) on its blockchain. This innovation has opened up new possibilities across various industries, including finance, gaming, and supply chain management. The decentralized nature of cryptocurrencies allows for peer-to-peer transactions, which can reduce transaction fees and increase the speed of transfers.\r\n\r\nDespite the potential for high returns, the cryptocurrency market is known for its volatility. Prices can fluctuate dramatically within short periods, leading to significant gains or losses for investors. This volatility has attracted both individual and institutional investors, all eager to capitalize on the market\'s potential. However, it has also raised concerns about the need for regulatory oversight to protect consumers and stabilize the market. Governments around the world are grappling with how to regulate cryptocurrencies effectively, aiming to strike a balance between encouraging innovation and safeguarding investors.\r\n\r\nBeyond investment opportunities, cryptocurrencies have the potential to provide financial services to unbanked populations. In many parts of the world, traditional banking infrastructure is lacking, making it difficult for individuals to access essential financial services. Cryptocurrencies can facilitate these services, enabling users to conduct transactions and store value without relying on banks. The rise of decentralized finance (DeFi) platforms has further enhanced this potential, allowing users to lend, borrow, and earn interest on their crypto holdings without intermediaries.\r\n\r\nHowever, the cryptocurrency landscape is not without its challenges. Security issues, including hacking and fraud, have raised concerns about the safety of digital assets. Additionally, the environmental impact of cryptocurrency mining, particularly for proof-of-work models like Bitcoin, has sparked debates about sustainability. The energy consumption associated with mining operations has led to questions regarding the long-term viability of certain cryptocurrencies and their ecological footprint.\r\n\r\nIn conclusion, cryptocurrency signifies a profound shift in our understanding of money and financial systems. As technology advances and regulatory frameworks develop, the future of cryptocurrencies will likely be shaped by a combination of innovation, regulation, and societal acceptance. This exciting and rapidly evolving landscape makes cryptocurrency a fascinating topic to explore.','2025-07-26 16:59:19',16),(120,'null','ASSISTANT','[\r\n  {\r\n    \"message\": \"Cryptocurrency, or crypto, represents a revolutionary shift in the financial landscape, fundamentally changing how we view and use money. At its essence, cryptocurrency is a digital or virtual form of currency that leverages cryptography for secure financial transactions. The inception of Bitcoin in 2009 by an anonymous creator known as Satoshi Nakamoto marked the beginning of this new era in finance. Bitcoin operates on blockchain technology, a decentralized ledger that records all transactions across a network of computers, ensuring transparency and security without the need for a central authority.\"\r\n  },\r\n  {\r\n    \"message\": \"Since Bitcoin\'s emergence, thousands of alternative cryptocurrencies, known as altcoins, have been developed, each bringing unique features and functionalities to the table. Ethereum, for instance, introduced the concept of smart contracts, allowing developers to build decentralized applications (dApps) on its blockchain. This innovation has opened up new possibilities across various industries, including finance, gaming, and supply chain management. The decentralized nature of cryptocurrencies allows for peer-to-peer transactions, which can reduce transaction fees and increase the speed of transfers.\"\r\n  },\r\n  {\r\n    \"message\": \"Despite the potential for high returns, the cryptocurrency market is known for its volatility. Prices can fluctuate dramatically within short periods, leading to significant gains or losses for investors. This volatility has attracted both individual and institutional investors, all eager to capitalize on the market\'s potential. However, it has also raised concerns about the need for regulatory oversight to protect consumers and stabilize the market. Governments around the world are grappling with how to regulate cryptocurrencies effectively, aiming to strike a balance between encouraging innovation and safeguarding investors.\"\r\n  },\r\n  {\r\n    \"message\": \"Beyond investment opportunities, cryptocurrencies have the potential to provide financial services to unbanked populations. In many parts of the world, traditional banking infrastructure is lacking, making it difficult for individuals to access essential financial services. Cryptocurrencies can facilitate these services, enabling users to conduct transactions and store value without relying on banks. The rise of decentralized finance (DeFi) platforms has further enhanced this potential, allowing users to lend, borrow, and earn interest on their crypto holdings without intermediaries.\"\r\n  },\r\n  {\r\n    \"message\": \"However, the cryptocurrency landscape is not without its challenges. Security issues, including hacking and fraud, have raised concerns about the safety of digital assets. Additionally, the environmental impact of cryptocurrency mining, particularly for proof-of-work models like Bitcoin, has sparked debates about sustainability. The energy consumption associated with mining operations has led to questions regarding the long-term viability of certain cryptocurrencies and their ecological footprint.\"\r\n  },\r\n  {\r\n    \"message\": \"In conclusion, cryptocurrency signifies a profound shift in our understanding of money and financial systems. As technology advances and regulatory frameworks develop, the future of cryptocurrencies will likely be shaped by a combination of innovation, regulation, and societal acceptance. This exciting and rapidly evolving landscape makes cryptocurrency a fascinating topic to explore.\"\r\n  }\r\n]','2025-07-26 16:59:29',16),(121,'null','USER','helo','2025-07-26 16:59:53',16),(122,'null','ASSISTANT','[{\"message\":\"Hello! How can I assist you today?\"}]','2025-07-26 16:59:54',16),(123,'null','USER','Cryptocurrency, or crypto, represents a revolutionary shift in the financial landscape, fundamentally changing how we view and use money. At its essence, cryptocurrency is a digital or virtual form of currency that leverages cryptography for secure financial transactions. The inception of Bitcoin in 2009 by an anonymous creator known as Satoshi Nakamoto marked the beginning of this new era in finance. Bitcoin operates on blockchain technology, a decentralized ledger that records all transactions across a network of computers, ensuring transparency and security without the need for a central authority.\r\n\r\nSince Bitcoin\'s emergence, thousands of alternative cryptocurrencies, known as altcoins, have been developed, each bringing unique features and functionalities to the table. Ethereum, for instance, introduced the concept of smart contracts, allowing developers to build decentralized applications (dApps) on its blockchain. This innovation has opened up new possibilities across various industries, including finance, gaming, and supply chain management. The decentralized nature of cryptocurrencies allows for peer-to-peer transactions, which can reduce transaction fees and increase the speed of transfers.\r\n\r\nDespite the potential for high returns, the cryptocurrency market is known for its volatility. Prices can fluctuate dramatically within short periods, leading to significant gains or losses for investors. This volatility has attracted both individual and institutional investors, all eager to capitalize on the market\'s potential. However, it has also raised concerns about the need for regulatory oversight to protect consumers and stabilize the market. Governments around the world are grappling with how to regulate cryptocurrencies effectively, aiming to strike a balance between encouraging innovation and safeguarding investors.\r\n\r\nBeyond investment opportunities, cryptocurrencies have the potential to provide financial services to unbanked populations. In many parts of the world, traditional banking infrastructure is lacking, making it difficult for individuals to access essential financial services. Cryptocurrencies can facilitate these services, enabling users to conduct transactions and store value without relying on banks. The rise of decentralized finance (DeFi) platforms has further enhanced this potential, allowing users to lend, borrow, and earn interest on their crypto holdings without intermediaries.\r\n\r\nHowever, the cryptocurrency landscape is not without its challenges. Security issues, including hacking and fraud, have raised concerns about the safety of digital assets. Additionally, the environmental impact of cryptocurrency mining, particularly for proof-of-work models like Bitcoin, has sparked debates about sustainability. The energy consumption associated with mining operations has led to questions regarding the long-term viability of certain cryptocurrencies and their ecological footprint.\r\n\r\nIn conclusion, cryptocurrency signifies a profound shift in our understanding of money and financial systems. As technology advances and regulatory frameworks develop, the future of cryptocurrencies will likely be shaped by a combination of innovation, regulation, and societal acceptance. This exciting and rapidly evolving landscape makes cryptocurrency a fascinating topic to explore.','2025-07-26 17:00:53',16),(124,'null','ASSISTANT','[\r\n  {\r\n    \"message\": \"Cryptocurrency, or crypto, represents a revolutionary shift in the financial landscape, fundamentally changing how we view and use money. At its essence, cryptocurrency is a digital or virtual form of currency that leverages cryptography for secure financial transactions. The inception of Bitcoin in 2009 by an anonymous creator known as Satoshi Nakamoto marked the beginning of this new era in finance. Bitcoin operates on blockchain technology, a decentralized ledger that records all transactions across a network of computers, ensuring transparency and security without the need for a central authority.\"\r\n  },\r\n  {\r\n    \"message\": \"Since Bitcoin\'s emergence, thousands of alternative cryptocurrencies, known as altcoins, have been developed, each bringing unique features and functionalities to the table. Ethereum, for instance, introduced the concept of smart contracts, allowing developers to build decentralized applications (dApps) on its blockchain. This innovation has opened up new possibilities across various industries, including finance, gaming, and supply chain management. The decentralized nature of cryptocurrencies allows for peer-to-peer transactions, which can reduce transaction fees and increase the speed of transfers.\"\r\n  },\r\n  {\r\n    \"message\": \"Despite the potential for high returns, the cryptocurrency market is known for its volatility. Prices can fluctuate dramatically within short periods, leading to significant gains or losses for investors. This volatility has attracted both individual and institutional investors, all eager to capitalize on the market\'s potential. However, it has also raised concerns about the need for regulatory oversight to protect consumers and stabilize the market. Governments around the world are grappling with how to regulate cryptocurrencies effectively, aiming to strike a balance between encouraging innovation and safeguarding investors.\"\r\n  },\r\n  {\r\n    \"message\": \"Beyond investment opportunities, cryptocurrencies have the potential to provide financial services to unbanked populations. In many parts of the world, traditional banking infrastructure is lacking, making it difficult for individuals to access essential financial services. Cryptocurrencies can facilitate these services, enabling users to conduct transactions and store value without relying on banks. The rise of decentralized finance (DeFi) platforms has further enhanced this potential, allowing users to lend, borrow, and earn interest on their crypto holdings without intermediaries.\"\r\n  },\r\n  {\r\n    \"message\": \"However, the cryptocurrency landscape is not without its challenges. Security issues, including hacking and fraud, have raised concerns about the safety of digital assets. Additionally, the environmental impact of cryptocurrency mining, particularly for proof-of-work models like Bitcoin, has sparked debates about sustainability. The energy consumption associated with mining operations has led to questions regarding the long-term viability of certain cryptocurrencies and their ecological footprint.\"\r\n  },\r\n  {\r\n    \"message\": \"In conclusion, cryptocurrency signifies a profound shift in our understanding of money and financial systems. As technology advances and regulatory frameworks develop, the future of cryptocurrencies will likely be shaped by a combination of innovation, regulation, and societal acceptance. This exciting and rapidly evolving landscape makes cryptocurrency a fascinating topic to explore.\"\r\n  }\r\n]','2025-07-26 17:01:06',16),(125,'null','USER','helo','2025-07-26 17:02:40',16),(126,'null','ASSISTANT','[{\"message\":\"Hello! How can I assist you today?\"}]','2025-07-26 17:02:41',16),(127,'null','USER','Cryptocurrency, or crypto, represents a revolutionary shift in the financial landscape, fundamentally changing how we view and use money. At its essence, cryptocurrency is a digital or virtual form of currency that leverages cryptography for secure financial transactions. The inception of Bitcoin in 2009 by an anonymous creator known as Satoshi Nakamoto marked the beginning of this new era in finance. Bitcoin operates on blockchain technology, a decentralized ledger that records all transactions across a network of computers, ensuring transparency and security without the need for a central authority.\r\n\r\nSince Bitcoin\'s emergence, thousands of alternative cryptocurrencies, known as altcoins, have been developed, each bringing unique features and functionalities to the table. Ethereum, for instance, introduced the concept of smart contracts, allowing developers to build decentralized applications (dApps) on its blockchain. This innovation has opened up new possibilities across various industries, including finance, gaming, and supply chain management. The decentralized nature of cryptocurrencies allows for peer-to-peer transactions, which can reduce transaction fees and increase the speed of transfers.\r\n\r\nDespite the potential for high returns, the cryptocurrency market is known for its volatility. Prices can fluctuate dramatically within short periods, leading to significant gains or losses for investors. This volatility has attracted both individual and institutional investors, all eager to capitalize on the market\'s potential. However, it has also raised concerns about the need for regulatory oversight to protect consumers and stabilize the market. Governments around the world are grappling with how to regulate cryptocurrencies effectively, aiming to strike a balance between encouraging innovation and safeguarding investors.\r\n\r\nBeyond investment opportunities, cryptocurrencies have the potential to provide financial services to unbanked populations. In many parts of the world, traditional banking infrastructure is lacking, making it difficult for individuals to access essential financial services. Cryptocurrencies can facilitate these services, enabling users to conduct transactions and store value without relying on banks. The rise of decentralized finance (DeFi) platforms has further enhanced this potential, allowing users to lend, borrow, and earn interest on their crypto holdings without intermediaries.\r\n\r\nHowever, the cryptocurrency landscape is not without its challenges. Security issues, including hacking and fraud, have raised concerns about the safety of digital assets. Additionally, the environmental impact of cryptocurrency mining, particularly for proof-of-work models like Bitcoin, has sparked debates about sustainability. The energy consumption associated with mining operations has led to questions regarding the long-term viability of certain cryptocurrencies and their ecological footprint.\r\n\r\nIn conclusion, cryptocurrency signifies a profound shift in our understanding of money and financial systems. As technology advances and regulatory frameworks develop, the future of cryptocurrencies will likely be shaped by a combination of innovation, regulation, and societal acceptance. This exciting and rapidly evolving landscape makes cryptocurrency a fascinating topic to explore.','2025-07-26 17:02:49',16),(128,'null','ASSISTANT','[\r\n  {\r\n    \"message\": \"Cryptocurrency, or crypto, represents a revolutionary shift in the financial landscape, fundamentally changing how we view and use money. At its essence, cryptocurrency is a digital or virtual form of currency that leverages cryptography for secure financial transactions. The inception of Bitcoin in 2009 by an anonymous creator known as Satoshi Nakamoto marked the beginning of this new era in finance. Bitcoin operates on blockchain technology, a decentralized ledger that records all transactions across a network of computers, ensuring transparency and security without the need for a central authority.\"\r\n  },\r\n  {\r\n    \"message\": \"Since Bitcoin\'s emergence, thousands of alternative cryptocurrencies, known as altcoins, have been developed, each bringing unique features and functionalities to the table. Ethereum, for instance, introduced the concept of smart contracts, allowing developers to build decentralized applications (dApps) on its blockchain. This innovation has opened up new possibilities across various industries, including finance, gaming, and supply chain management. The decentralized nature of cryptocurrencies allows for peer-to-peer transactions, which can reduce transaction fees and increase the speed of transfers.\"\r\n  },\r\n  {\r\n    \"message\": \"Despite the potential for high returns, the cryptocurrency market is known for its volatility. Prices can fluctuate dramatically within short periods, leading to significant gains or losses for investors. This volatility has attracted both individual and institutional investors, all eager to capitalize on the market\'s potential. However, it has also raised concerns about the need for regulatory oversight to protect consumers and stabilize the market. Governments around the world are grappling with how to regulate cryptocurrencies effectively, aiming to strike a balance between encouraging innovation and safeguarding investors.\"\r\n  },\r\n  {\r\n    \"message\": \"Beyond investment opportunities, cryptocurrencies have the potential to provide financial services to unbanked populations. In many parts of the world, traditional banking infrastructure is lacking, making it difficult for individuals to access essential financial services. Cryptocurrencies can facilitate these services, enabling users to conduct transactions and store value without relying on banks. The rise of decentralized finance (DeFi) platforms has further enhanced this potential, allowing users to lend, borrow, and earn interest on their crypto holdings without intermediaries.\"\r\n  },\r\n  {\r\n    \"message\": \"However, the cryptocurrency landscape is not without its challenges. Security issues, including hacking and fraud, have raised concerns about the safety of digital assets. Additionally, the environmental impact of cryptocurrency mining, particularly for proof-of-work models like Bitcoin, has sparked debates about sustainability. The energy consumption associated with mining operations has led to questions regarding the long-term viability of certain cryptocurrencies and their ecological footprint.\"\r\n  },\r\n  {\r\n    \"message\": \"In conclusion, cryptocurrency signifies a profound shift in our understanding of money and financial systems. As technology advances and regulatory frameworks develop, the future of cryptocurrencies will likely be shaped by a combination of innovation, regulation, and societal acceptance. This exciting and rapidly evolving landscape makes cryptocurrency a fascinating topic to explore.\"\r\n  }\r\n]','2025-07-26 17:03:01',16),(129,'null','USER','Cryptocurrency, or crypto, represents a revolutionary shift in the financial landscape, fundamentally changing how we view and use money. At its essence, cryptocurrency is a digital or virtual form of currency that leverages cryptography for secure financial transactions. The inception of Bitcoin in 2009 by an anonymous creator known as Satoshi Nakamoto marked the beginning of this new era in finance. Bitcoin operates on blockchain technology, a decentralized ledger that records all transactions across a network of computers, ensuring transparency and security without the need for a central authority.\r\n\r\nSince Bitcoin\'s emergence, thousands of alternative cryptocurrencies, known as altcoins, have been developed, each bringing unique features and functionalities to the table. Ethereum, for instance, introduced the concept of smart contracts, allowing developers to build decentralized applications (dApps) on its blockchain. This innovation has opened up new possibilities across various industries, including finance, gaming, and supply chain management. The decentralized nature of cryptocurrencies allows for peer-to-peer transactions, which can reduce transaction fees and increase the speed of transfers.\r\n\r\nDespite the potential for high returns, the cryptocurrency market is known for its volatility. Prices can fluctuate dramatically within short periods, leading to significant gains or losses for investors. This volatility has attracted both individual and institutional investors, all eager to capitalize on the market\'s potential. However, it has also raised concerns about the need for regulatory oversight to protect consumers and stabilize the market. Governments around the world are grappling with how to regulate cryptocurrencies effectively, aiming to strike a balance between encouraging innovation and safeguarding investors.\r\n\r\nBeyond investment opportunities, cryptocurrencies have the potential to provide financial services to unbanked populations. In many parts of the world, traditional banking infrastructure is lacking, making it difficult for individuals to access essential financial services. Cryptocurrencies can facilitate these services, enabling users to conduct transactions and store value without relying on banks. The rise of decentralized finance (DeFi) platforms has further enhanced this potential, allowing users to lend, borrow, and earn interest on their crypto holdings without intermediaries.\r\n\r\nHowever, the cryptocurrency landscape is not without its challenges. Security issues, including hacking and fraud, have raised concerns about the safety of digital assets. Additionally, the environmental impact of cryptocurrency mining, particularly for proof-of-work models like Bitcoin, has sparked debates about sustainability. The energy consumption associated with mining operations has led to questions regarding the long-term viability of certain cryptocurrencies and their ecological footprint.\r\n\r\nIn conclusion, cryptocurrency signifies a profound shift in our understanding of money and financial systems. As technology advances and regulatory frameworks develop, the future of cryptocurrencies will likely be shaped by a combination of innovation, regulation, and societal acceptance. This exciting and rapidly evolving landscape makes cryptocurrency a fascinating topic to explore.','2025-07-26 17:03:49',16),(130,'null','ASSISTANT','[\r\n  {\r\n    \"message\": \"Cryptocurrency, or crypto, represents a revolutionary shift in the financial landscape, fundamentally changing how we view and use money. At its essence, cryptocurrency is a digital or virtual form of currency that leverages cryptography for secure financial transactions. The inception of Bitcoin in 2009 by an anonymous creator known as Satoshi Nakamoto marked the beginning of this new era in finance. Bitcoin operates on blockchain technology, a decentralized ledger that records all transactions across a network of computers, ensuring transparency and security without the need for a central authority.\"\r\n  },\r\n  {\r\n    \"message\": \"Since Bitcoin\'s emergence, thousands of alternative cryptocurrencies, known as altcoins, have been developed, each bringing unique features and functionalities to the table. Ethereum, for instance, introduced the concept of smart contracts, allowing developers to build decentralized applications (dApps) on its blockchain. This innovation has opened up new possibilities across various industries, including finance, gaming, and supply chain management. The decentralized nature of cryptocurrencies allows for peer-to-peer transactions, which can reduce transaction fees and increase the speed of transfers.\"\r\n  },\r\n  {\r\n    \"message\": \"Despite the potential for high returns, the cryptocurrency market is known for its volatility. Prices can fluctuate dramatically within short periods, leading to significant gains or losses for investors. This volatility has attracted both individual and institutional investors, all eager to capitalize on the market\'s potential. However, it has also raised concerns about the need for regulatory oversight to protect consumers and stabilize the market. Governments around the world are grappling with how to regulate cryptocurrencies effectively, aiming to strike a balance between encouraging innovation and safeguarding investors.\"\r\n  },\r\n  {\r\n    \"message\": \"Beyond investment opportunities, cryptocurrencies have the potential to provide financial services to unbanked populations. In many parts of the world, traditional banking infrastructure is lacking, making it difficult for individuals to access essential financial services. Cryptocurrencies can facilitate these services, enabling users to conduct transactions and store value without relying on banks. The rise of decentralized finance (DeFi) platforms has further enhanced this potential, allowing users to lend, borrow, and earn interest on their crypto holdings without intermediaries.\"\r\n  },\r\n  {\r\n    \"message\": \"However, the cryptocurrency landscape is not without its challenges. Security issues, including hacking and fraud, have raised concerns about the safety of digital assets. Additionally, the environmental impact of cryptocurrency mining, particularly for proof-of-work models like Bitcoin, has sparked debates about sustainability. The energy consumption associated with mining operations has led to questions regarding the long-term viability of certain cryptocurrencies and their ecological footprint.\"\r\n  },\r\n  {\r\n    \"message\": \"In conclusion, cryptocurrency signifies a profound shift in our understanding of money and financial systems. As technology advances and regulatory frameworks develop, the future of cryptocurrencies will likely be shaped by a combination of innovation, regulation, and societal acceptance. This exciting and rapidly evolving landscape makes cryptocurrency a fascinating topic to explore.\"\r\n  }\r\n]','2025-07-26 17:04:00',16),(131,'null','USER','Cryptocurrency, or crypto, represents a revolutionary shift in the financial landscape, fundamentally changing how we view and use money. At its essence, cryptocurrency is a digital or virtual form of currency that leverages cryptography for secure financial transactions. The inception of Bitcoin in 2009 by an anonymous creator known as Satoshi Nakamoto marked the beginning of this new era in finance. Bitcoin operates on blockchain technology, a decentralized ledger that records all transactions across a network of computers, ensuring transparency and security without the need for a central authority.\r\n\r\nSince Bitcoin\'s emergence, thousands of alternative cryptocurrencies, known as altcoins, have been developed, each bringing unique features and functionalities to the table. Ethereum, for instance, introduced the concept of smart contracts, allowing developers to build decentralized applications (dApps) on its blockchain. This innovation has opened up new possibilities across various industries, including finance, gaming, and supply chain management. The decentralized nature of cryptocurrencies allows for peer-to-peer transactions, which can reduce transaction fees and increase the speed of transfers.\r\n\r\nDespite the potential for high returns, the cryptocurrency market is known for its volatility. Prices can fluctuate dramatically within short periods, leading to significant gains or losses for investors. This volatility has attracted both individual and institutional investors, all eager to capitalize on the market\'s potential. However, it has also raised concerns about the need for regulatory oversight to protect consumers and stabilize the market. Governments around the world are grappling with how to regulate cryptocurrencies effectively, aiming to strike a balance between encouraging innovation and safeguarding investors.\r\n\r\nBeyond investment opportunities, cryptocurrencies have the potential to provide financial services to unbanked populations. In many parts of the world, traditional banking infrastructure is lacking, making it difficult for individuals to access essential financial services. Cryptocurrencies can facilitate these services, enabling users to conduct transactions and store value without relying on banks. The rise of decentralized finance (DeFi) platforms has further enhanced this potential, allowing users to lend, borrow, and earn interest on their crypto holdings without intermediaries.\r\n\r\nHowever, the cryptocurrency landscape is not without its challenges. Security issues, including hacking and fraud, have raised concerns about the safety of digital assets. Additionally, the environmental impact of cryptocurrency mining, particularly for proof-of-work models like Bitcoin, has sparked debates about sustainability. The energy consumption associated with mining operations has led to questions regarding the long-term viability of certain cryptocurrencies and their ecological footprint.\r\n\r\nIn conclusion, cryptocurrency signifies a profound shift in our understanding of money and financial systems. As technology advances and regulatory frameworks develop, the future of cryptocurrencies will likely be shaped by a combination of innovation, regulation, and societal acceptance. This exciting and rapidly evolving landscape makes cryptocurrency a fascinating topic to explore.','2025-07-26 17:05:45',16),(132,'null','ASSISTANT','[\r\n  {\r\n    \"message\": \"Cryptocurrency, or crypto, represents a revolutionary shift in the financial landscape, fundamentally changing how we view and use money. At its essence, cryptocurrency is a digital or virtual form of currency that leverages cryptography for secure financial transactions. The inception of Bitcoin in 2009 by an anonymous creator known as Satoshi Nakamoto marked the beginning of this new era in finance. Bitcoin operates on blockchain technology, a decentralized ledger that records all transactions across a network of computers, ensuring transparency and security without the need for a central authority.\"\r\n  },\r\n  {\r\n    \"message\": \"Since Bitcoin\'s emergence, thousands of alternative cryptocurrencies, known as altcoins, have been developed, each bringing unique features and functionalities to the table. Ethereum, for instance, introduced the concept of smart contracts, allowing developers to build decentralized applications (dApps) on its blockchain. This innovation has opened up new possibilities across various industries, including finance, gaming, and supply chain management. The decentralized nature of cryptocurrencies allows for peer-to-peer transactions, which can reduce transaction fees and increase the speed of transfers.\"\r\n  },\r\n  {\r\n    \"message\": \"Despite the potential for high returns, the cryptocurrency market is known for its volatility. Prices can fluctuate dramatically within short periods, leading to significant gains or losses for investors. This volatility has attracted both individual and institutional investors, all eager to capitalize on the market\'s potential. However, it has also raised concerns about the need for regulatory oversight to protect consumers and stabilize the market. Governments around the world are grappling with how to regulate cryptocurrencies effectively, aiming to strike a balance between encouraging innovation and safeguarding investors.\"\r\n  },\r\n  {\r\n    \"message\": \"Beyond investment opportunities, cryptocurrencies have the potential to provide financial services to unbanked populations. In many parts of the world, traditional banking infrastructure is lacking, making it difficult for individuals to access essential financial services. Cryptocurrencies can facilitate these services, enabling users to conduct transactions and store value without relying on banks. The rise of decentralized finance (DeFi) platforms has further enhanced this potential, allowing users to lend, borrow, and earn interest on their crypto holdings without intermediaries.\"\r\n  },\r\n  {\r\n    \"message\": \"However, the cryptocurrency landscape is not without its challenges. Security issues, including hacking and fraud, have raised concerns about the safety of digital assets. Additionally, the environmental impact of cryptocurrency mining, particularly for proof-of-work models like Bitcoin, has sparked debates about sustainability. The energy consumption associated with mining operations has led to questions regarding the long-term viability of certain cryptocurrencies and their ecological footprint.\"\r\n  },\r\n  {\r\n    \"message\": \"In conclusion, cryptocurrency signifies a profound shift in our understanding of money and financial systems. As technology advances and regulatory frameworks develop, the future of cryptocurrencies will likely be shaped by a combination of innovation, regulation, and societal acceptance. This exciting and rapidly evolving landscape makes cryptocurrency a fascinating topic to explore.\"\r\n  }\r\n]','2025-07-26 17:05:58',16),(133,'null','USER','Cryptocurrency, or crypto, represents a revolutionary shift in the financial landscape, fundamentally changing how we view and use money. At its essence, cryptocurrency is a digital or virtual form of currency that leverages cryptography for secure financial transactions. The inception of Bitcoin in 2009 by an anonymous creator known as Satoshi Nakamoto marked the beginning of this new era in finance. Bitcoin operates on blockchain technology, a decentralized ledger that records all transactions across a network of computers, ensuring transparency and security without the need for a central authority.\r\n\r\nSince Bitcoin\'s emergence, thousands of alternative cryptocurrencies, known as altcoins, have been developed, each bringing unique features and functionalities to the table. Ethereum, for instance, introduced the concept of smart contracts, allowing developers to build decentralized applications (dApps) on its blockchain. This innovation has opened up new possibilities across various industries, including finance, gaming, and supply chain management. The decentralized nature of cryptocurrencies allows for peer-to-peer transactions, which can reduce transaction fees and increase the speed of transfers.\r\n\r\nDespite the potential for high returns, the cryptocurrency market is known for its volatility. Prices can fluctuate dramatically within short periods, leading to significant gains or losses for investors. This volatility has attracted both individual and institutional investors, all eager to capitalize on the market\'s potential. However, it has also raised concerns about the need for regulatory oversight to protect consumers and stabilize the market. Governments around the world are grappling with how to regulate cryptocurrencies effectively, aiming to strike a balance between encouraging innovation and safeguarding investors.\r\n\r\nBeyond investment opportunities, cryptocurrencies have the potential to provide financial services to unbanked populations. In many parts of the world, traditional banking infrastructure is lacking, making it difficult for individuals to access essential financial services. Cryptocurrencies can facilitate these services, enabling users to conduct transactions and store value without relying on banks. The rise of decentralized finance (DeFi) platforms has further enhanced this potential, allowing users to lend, borrow, and earn interest on their crypto holdings without intermediaries.\r\n\r\nHowever, the cryptocurrency landscape is not without its challenges. Security issues, including hacking and fraud, have raised concerns about the safety of digital assets. Additionally, the environmental impact of cryptocurrency mining, particularly for proof-of-work models like Bitcoin, has sparked debates about sustainability. The energy consumption associated with mining operations has led to questions regarding the long-term viability of certain cryptocurrencies and their ecological footprint.\r\n\r\nIn conclusion, cryptocurrency signifies a profound shift in our understanding of money and financial systems. As technology advances and regulatory frameworks develop, the future of cryptocurrencies will likely be shaped by a combination of innovation, regulation, and societal acceptance. This exciting and rapidly evolving landscape makes cryptocurrency a fascinating topic to explore.','2025-07-26 17:07:18',16),(134,'null','ASSISTANT','[\r\n  {\r\n    \"message\": \"Cryptocurrency, or crypto, represents a revolutionary shift in the financial landscape, fundamentally changing how we view and use money. At its essence, cryptocurrency is a digital or virtual form of currency that leverages cryptography for secure financial transactions. The inception of Bitcoin in 2009 by an anonymous creator known as Satoshi Nakamoto marked the beginning of this new era in finance. Bitcoin operates on blockchain technology, a decentralized ledger that records all transactions across a network of computers, ensuring transparency and security without the need for a central authority.\"\r\n  },\r\n  {\r\n    \"message\": \"Since Bitcoin\'s emergence, thousands of alternative cryptocurrencies, known as altcoins, have been developed, each bringing unique features and functionalities to the table. Ethereum, for instance, introduced the concept of smart contracts, allowing developers to build decentralized applications (dApps) on its blockchain. This innovation has opened up new possibilities across various industries, including finance, gaming, and supply chain management. The decentralized nature of cryptocurrencies allows for peer-to-peer transactions, which can reduce transaction fees and increase the speed of transfers.\"\r\n  },\r\n  {\r\n    \"message\": \"Despite the potential for high returns, the cryptocurrency market is known for its volatility. Prices can fluctuate dramatically within short periods, leading to significant gains or losses for investors. This volatility has attracted both individual and institutional investors, all eager to capitalize on the market\'s potential. However, it has also raised concerns about the need for regulatory oversight to protect consumers and stabilize the market. Governments around the world are grappling with how to regulate cryptocurrencies effectively, aiming to strike a balance between encouraging innovation and safeguarding investors.\"\r\n  },\r\n  {\r\n    \"message\": \"Beyond investment opportunities, cryptocurrencies have the potential to provide financial services to unbanked populations. In many parts of the world, traditional banking infrastructure is lacking, making it difficult for individuals to access essential financial services. Cryptocurrencies can facilitate these services, enabling users to conduct transactions and store value without relying on banks. The rise of decentralized finance (DeFi) platforms has further enhanced this potential, allowing users to lend, borrow, and earn interest on their crypto holdings without intermediaries.\"\r\n  },\r\n  {\r\n    \"message\": \"However, the cryptocurrency landscape is not without its challenges. Security issues, including hacking and fraud, have raised concerns about the safety of digital assets. Additionally, the environmental impact of cryptocurrency mining, particularly for proof-of-work models like Bitcoin, has sparked debates about sustainability. The energy consumption associated with mining operations has led to questions regarding the long-term viability of certain cryptocurrencies and their ecological footprint.\"\r\n  },\r\n  {\r\n    \"message\": \"In conclusion, cryptocurrency signifies a profound shift in our understanding of money and financial systems. As technology advances and regulatory frameworks develop, the future of cryptocurrencies will likely be shaped by a combination of innovation, regulation, and societal acceptance. This exciting and rapidly evolving landscape makes cryptocurrency a fascinating topic to explore.\"\r\n  }\r\n]','2025-07-26 17:07:30',16),(135,'null','USER','Cryptocurrency, or crypto, represents a revolutionary shift in the financial landscape, fundamentally changing how we view and use money. At its essence, cryptocurrency is a digital or virtual form of currency that leverages cryptography for secure financial transactions. The inception of Bitcoin in 2009 by an anonymous creator known as Satoshi Nakamoto marked the beginning of this new era in finance. Bitcoin operates on blockchain technology, a decentralized ledger that records all transactions across a network of computers, ensuring transparency and security without the need for a central authority.\r\n\r\nSince Bitcoin\'s emergence, thousands of alternative cryptocurrencies, known as altcoins, have been developed, each bringing unique features and functionalities to the table. Ethereum, for instance, introduced the concept of smart contracts, allowing developers to build decentralized applications (dApps) on its blockchain. This innovation has opened up new possibilities across various industries, including finance, gaming, and supply chain management. The decentralized nature of cryptocurrencies allows for peer-to-peer transactions, which can reduce transaction fees and increase the speed of transfers.\r\n\r\nDespite the potential for high returns, the cryptocurrency market is known for its volatility. Prices can fluctuate dramatically within short periods, leading to significant gains or losses for investors. This volatility has attracted both individual and institutional investors, all eager to capitalize on the market\'s potential. However, it has also raised concerns about the need for regulatory oversight to protect consumers and stabilize the market. Governments around the world are grappling with how to regulate cryptocurrencies effectively, aiming to strike a balance between encouraging innovation and safeguarding investors.\r\n\r\nBeyond investment opportunities, cryptocurrencies have the potential to provide financial services to unbanked populations. In many parts of the world, traditional banking infrastructure is lacking, making it difficult for individuals to access essential financial services. Cryptocurrencies can facilitate these services, enabling users to conduct transactions and store value without relying on banks. The rise of decentralized finance (DeFi) platforms has further enhanced this potential, allowing users to lend, borrow, and earn interest on their crypto holdings without intermediaries.\r\n\r\nHowever, the cryptocurrency landscape is not without its challenges. Security issues, including hacking and fraud, have raised concerns about the safety of digital assets. Additionally, the environmental impact of cryptocurrency mining, particularly for proof-of-work models like Bitcoin, has sparked debates about sustainability. The energy consumption associated with mining operations has led to questions regarding the long-term viability of certain cryptocurrencies and their ecological footprint.\r\n\r\nIn conclusion, cryptocurrency signifies a profound shift in our understanding of money and financial systems. As technology advances and regulatory frameworks develop, the future of cryptocurrencies will likely be shaped by a combination of innovation, regulation, and societal acceptance. This exciting and rapidly evolving landscape makes cryptocurrency a fascinating topic to explore.','2025-07-26 17:09:08',16),(136,'null','ASSISTANT','[\r\n  {\r\n    \"message\": \"Cryptocurrency, or crypto, represents a revolutionary shift in the financial landscape, fundamentally changing how we view and use money. At its essence, cryptocurrency is a digital or virtual form of currency that leverages cryptography for secure financial transactions. The inception of Bitcoin in 2009 by an anonymous creator known as Satoshi Nakamoto marked the beginning of this new era in finance. Bitcoin operates on blockchain technology, a decentralized ledger that records all transactions across a network of computers, ensuring transparency and security without the need for a central authority.\"\r\n  },\r\n  {\r\n    \"message\": \"Since Bitcoin\'s emergence, thousands of alternative cryptocurrencies, known as altcoins, have been developed, each bringing unique features and functionalities to the table. Ethereum, for instance, introduced the concept of smart contracts, allowing developers to build decentralized applications (dApps) on its blockchain. This innovation has opened up new possibilities across various industries, including finance, gaming, and supply chain management. The decentralized nature of cryptocurrencies allows for peer-to-peer transactions, which can reduce transaction fees and increase the speed of transfers.\"\r\n  },\r\n  {\r\n    \"message\": \"Despite the potential for high returns, the cryptocurrency market is known for its volatility. Prices can fluctuate dramatically within short periods, leading to significant gains or losses for investors. This volatility has attracted both individual and institutional investors, all eager to capitalize on the market\'s potential. However, it has also raised concerns about the need for regulatory oversight to protect consumers and stabilize the market. Governments around the world are grappling with how to regulate cryptocurrencies effectively, aiming to strike a balance between encouraging innovation and safeguarding investors.\"\r\n  },\r\n  {\r\n    \"message\": \"Beyond investment opportunities, cryptocurrencies have the potential to provide financial services to unbanked populations. In many parts of the world, traditional banking infrastructure is lacking, making it difficult for individuals to access essential financial services. Cryptocurrencies can facilitate these services, enabling users to conduct transactions and store value without relying on banks. The rise of decentralized finance (DeFi) platforms has further enhanced this potential, allowing users to lend, borrow, and earn interest on their crypto holdings without intermediaries.\"\r\n  },\r\n  {\r\n    \"message\": \"However, the cryptocurrency landscape is not without its challenges. Security issues, including hacking and fraud, have raised concerns about the safety of digital assets. Additionally, the environmental impact of cryptocurrency mining, particularly for proof-of-work models like Bitcoin, has sparked debates about sustainability. The energy consumption associated with mining operations has led to questions regarding the long-term viability of certain cryptocurrencies and their ecological footprint.\"\r\n  },\r\n  {\r\n    \"message\": \"In conclusion, cryptocurrency signifies a profound shift in our understanding of money and financial systems. As technology advances and regulatory frameworks develop, the future of cryptocurrencies will likely be shaped by a combination of innovation, regulation, and societal acceptance. This exciting and rapidly evolving landscape makes cryptocurrency a fascinating topic to explore.\"\r\n  }\r\n]','2025-07-26 17:09:20',16),(137,'null','USER','Cryptocurrency, or crypto, represents a revolutionary shift in the financial landscape, fundamentally changing how we view and use money. At its essence, cryptocurrency is a digital or virtual form of currency that leverages cryptography for secure financial transactions. The inception of Bitcoin in 2009 by an anonymous creator known as Satoshi Nakamoto marked the beginning of this new era in finance. Bitcoin operates on blockchain technology, a decentralized ledger that records all transactions across a network of computers, ensuring transparency and security without the need for a central authority.\r\n\r\nSince Bitcoin\'s emergence, thousands of alternative cryptocurrencies, known as altcoins, have been developed, each bringing unique features and functionalities to the table. Ethereum, for instance, introduced the concept of smart contracts, allowing developers to build decentralized applications (dApps) on its blockchain. This innovation has opened up new possibilities across various industries, including finance, gaming, and supply chain management. The decentralized nature of cryptocurrencies allows for peer-to-peer transactions, which can reduce transaction fees and increase the speed of transfers.\r\n\r\nDespite the potential for high returns, the cryptocurrency market is known for its volatility. Prices can fluctuate dramatically within short periods, leading to significant gains or losses for investors. This volatility has attracted both individual and institutional investors, all eager to capitalize on the market\'s potential. However, it has also raised concerns about the need for regulatory oversight to protect consumers and stabilize the market. Governments around the world are grappling with how to regulate cryptocurrencies effectively, aiming to strike a balance between encouraging innovation and safeguarding investors.\r\n\r\nBeyond investment opportunities, cryptocurrencies have the potential to provide financial services to unbanked populations. In many parts of the world, traditional banking infrastructure is lacking, making it difficult for individuals to access essential financial services. Cryptocurrencies can facilitate these services, enabling users to conduct transactions and store value without relying on banks. The rise of decentralized finance (DeFi) platforms has further enhanced this potential, allowing users to lend, borrow, and earn interest on their crypto holdings without intermediaries.\r\n\r\nHowever, the cryptocurrency landscape is not without its challenges. Security issues, including hacking and fraud, have raised concerns about the safety of digital assets. Additionally, the environmental impact of cryptocurrency mining, particularly for proof-of-work models like Bitcoin, has sparked debates about sustainability. The energy consumption associated with mining operations has led to questions regarding the long-term viability of certain cryptocurrencies and their ecological footprint.\r\n\r\nIn conclusion, cryptocurrency signifies a profound shift in our understanding of money and financial systems. As technology advances and regulatory frameworks develop, the future of cryptocurrencies will likely be shaped by a combination of innovation, regulation, and societal acceptance. This exciting and rapidly evolving landscape makes cryptocurrency a fascinating topic to explore.','2025-07-26 17:11:43',16),(138,'null','ASSISTANT','[\r\n  {\r\n    \"message\": \"Cryptocurrency, or crypto, represents a revolutionary shift in the financial landscape, fundamentally changing how we view and use money. At its essence, cryptocurrency is a digital or virtual form of currency that leverages cryptography for secure financial transactions. The inception of Bitcoin in 2009 by an anonymous creator known as Satoshi Nakamoto marked the beginning of this new era in finance. Bitcoin operates on blockchain technology, a decentralized ledger that records all transactions across a network of computers, ensuring transparency and security without the need for a central authority.\"\r\n  },\r\n  {\r\n    \"message\": \"Since Bitcoin\'s emergence, thousands of alternative cryptocurrencies, known as altcoins, have been developed, each bringing unique features and functionalities to the table. Ethereum, for instance, introduced the concept of smart contracts, allowing developers to build decentralized applications (dApps) on its blockchain. This innovation has opened up new possibilities across various industries, including finance, gaming, and supply chain management. The decentralized nature of cryptocurrencies allows for peer-to-peer transactions, which can reduce transaction fees and increase the speed of transfers.\"\r\n  },\r\n  {\r\n    \"message\": \"Despite the potential for high returns, the cryptocurrency market is known for its volatility. Prices can fluctuate dramatically within short periods, leading to significant gains or losses for investors. This volatility has attracted both individual and institutional investors, all eager to capitalize on the market\'s potential. However, it has also raised concerns about the need for regulatory oversight to protect consumers and stabilize the market. Governments around the world are grappling with how to regulate cryptocurrencies effectively, aiming to strike a balance between encouraging innovation and safeguarding investors.\"\r\n  },\r\n  {\r\n    \"message\": \"Beyond investment opportunities, cryptocurrencies have the potential to provide financial services to unbanked populations. In many parts of the world, traditional banking infrastructure is lacking, making it difficult for individuals to access essential financial services. Cryptocurrencies can facilitate these services, enabling users to conduct transactions and store value without relying on banks. The rise of decentralized finance (DeFi) platforms has further enhanced this potential, allowing users to lend, borrow, and earn interest on their crypto holdings without intermediaries.\"\r\n  },\r\n  {\r\n    \"message\": \"However, the cryptocurrency landscape is not without its challenges. Security issues, including hacking and fraud, have raised concerns about the safety of digital assets. Additionally, the environmental impact of cryptocurrency mining, particularly for proof-of-work models like Bitcoin, has sparked debates about sustainability. The energy consumption associated with mining operations has led to questions regarding the long-term viability of certain cryptocurrencies and their ecological footprint.\"\r\n  },\r\n  {\r\n    \"message\": \"In conclusion, cryptocurrency signifies a profound shift in our understanding of money and financial systems. As technology advances and regulatory frameworks develop, the future of cryptocurrencies will likely be shaped by a combination of innovation, regulation, and societal acceptance. This exciting and rapidly evolving landscape makes cryptocurrency a fascinating topic to explore.\"\r\n  }\r\n]','2025-07-26 17:11:55',16),(139,'null','USER','Cryptocurrency, or crypto, represents a revolutionary shift in the financial landscape, fundamentally changing how we view and use money. At its essence, cryptocurrency is a digital or virtual form of currency that leverages cryptography for secure financial transactions. The inception of Bitcoin in 2009 by an anonymous creator known as Satoshi Nakamoto marked the beginning of this new era in finance. Bitcoin operates on blockchain technology, a decentralized ledger that records all transactions across a network of computers, ensuring transparency and security without the need for a central authority.\r\n\r\nSince Bitcoin\'s emergence, thousands of alternative cryptocurrencies, known as altcoins, have been developed, each bringing unique features and functionalities to the table. Ethereum, for instance, introduced the concept of smart contracts, allowing developers to build decentralized applications (dApps) on its blockchain. This innovation has opened up new possibilities across various industries, including finance, gaming, and supply chain management. The decentralized nature of cryptocurrencies allows for peer-to-peer transactions, which can reduce transaction fees and increase the speed of transfers.\r\n\r\nDespite the potential for high returns, the cryptocurrency market is known for its volatility. Prices can fluctuate dramatically within short periods, leading to significant gains or losses for investors. This volatility has attracted both individual and institutional investors, all eager to capitalize on the market\'s potential. However, it has also raised concerns about the need for regulatory oversight to protect consumers and stabilize the market. Governments around the world are grappling with how to regulate cryptocurrencies effectively, aiming to strike a balance between encouraging innovation and safeguarding investors.\r\n\r\nBeyond investment opportunities, cryptocurrencies have the potential to provide financial services to unbanked populations. In many parts of the world, traditional banking infrastructure is lacking, making it difficult for individuals to access essential financial services. Cryptocurrencies can facilitate these services, enabling users to conduct transactions and store value without relying on banks. The rise of decentralized finance (DeFi) platforms has further enhanced this potential, allowing users to lend, borrow, and earn interest on their crypto holdings without intermediaries.\r\n\r\nHowever, the cryptocurrency landscape is not without its challenges. Security issues, including hacking and fraud, have raised concerns about the safety of digital assets. Additionally, the environmental impact of cryptocurrency mining, particularly for proof-of-work models like Bitcoin, has sparked debates about sustainability. The energy consumption associated with mining operations has led to questions regarding the long-term viability of certain cryptocurrencies and their ecological footprint.\r\n\r\nIn conclusion, cryptocurrency signifies a profound shift in our understanding of money and financial systems. As technology advances and regulatory frameworks develop, the future of cryptocurrencies will likely be shaped by a combination of innovation, regulation, and societal acceptance. This exciting and rapidly evolving landscape makes cryptocurrency a fascinating topic to explore.','2025-07-26 17:13:58',16),(140,'null','ASSISTANT','[\r\n  {\r\n    \"message\": \"Cryptocurrency, or crypto, represents a revolutionary shift in the financial landscape, fundamentally changing how we view and use money. At its essence, cryptocurrency is a digital or virtual form of currency that leverages cryptography for secure financial transactions. The inception of Bitcoin in 2009 by an anonymous creator known as Satoshi Nakamoto marked the beginning of this new era in finance. Bitcoin operates on blockchain technology, a decentralized ledger that records all transactions across a network of computers, ensuring transparency and security without the need for a central authority.\"\r\n  },\r\n  {\r\n    \"message\": \"Since Bitcoin\'s emergence, thousands of alternative cryptocurrencies, known as altcoins, have been developed, each bringing unique features and functionalities to the table. Ethereum, for instance, introduced the concept of smart contracts, allowing developers to build decentralized applications (dApps) on its blockchain. This innovation has opened up new possibilities across various industries, including finance, gaming, and supply chain management. The decentralized nature of cryptocurrencies allows for peer-to-peer transactions, which can reduce transaction fees and increase the speed of transfers.\"\r\n  },\r\n  {\r\n    \"message\": \"Despite the potential for high returns, the cryptocurrency market is known for its volatility. Prices can fluctuate dramatically within short periods, leading to significant gains or losses for investors. This volatility has attracted both individual and institutional investors, all eager to capitalize on the market\'s potential. However, it has also raised concerns about the need for regulatory oversight to protect consumers and stabilize the market. Governments around the world are grappling with how to regulate cryptocurrencies effectively, aiming to strike a balance between encouraging innovation and safeguarding investors.\"\r\n  },\r\n  {\r\n    \"message\": \"Beyond investment opportunities, cryptocurrencies have the potential to provide financial services to unbanked populations. In many parts of the world, traditional banking infrastructure is lacking, making it difficult for individuals to access essential financial services. Cryptocurrencies can facilitate these services, enabling users to conduct transactions and store value without relying on banks. The rise of decentralized finance (DeFi) platforms has further enhanced this potential, allowing users to lend, borrow, and earn interest on their crypto holdings without intermediaries.\"\r\n  },\r\n  {\r\n    \"message\": \"However, the cryptocurrency landscape is not without its challenges. Security issues, including hacking and fraud, have raised concerns about the safety of digital assets. Additionally, the environmental impact of cryptocurrency mining, particularly for proof-of-work models like Bitcoin, has sparked debates about sustainability. The energy consumption associated with mining operations has led to questions regarding the long-term viability of certain cryptocurrencies and their ecological footprint.\"\r\n  },\r\n  {\r\n    \"message\": \"In conclusion, cryptocurrency signifies a profound shift in our understanding of money and financial systems. As technology advances and regulatory frameworks develop, the future of cryptocurrencies will likely be shaped by a combination of innovation, regulation, and societal acceptance. This exciting and rapidly evolving landscape makes cryptocurrency a fascinating topic to explore.\"\r\n  }\r\n]','2025-07-26 17:14:11',16),(141,'null','USER','Cryptocurrency, or crypto, represents a revolutionary shift in the financial landscape, fundamentally changing how we view and use money. At its essence, cryptocurrency is a digital or virtual form of currency that leverages cryptography for secure financial transactions. The inception of Bitcoin in 2009 by an anonymous creator known as Satoshi Nakamoto marked the beginning of this new era in finance. Bitcoin operates on blockchain technology, a decentralized ledger that records all transactions across a network of computers, ensuring transparency and security without the need for a central authority.\r\n\r\nSince Bitcoin\'s emergence, thousands of alternative cryptocurrencies, known as altcoins, have been developed, each bringing unique features and functionalities to the table. Ethereum, for instance, introduced the concept of smart contracts, allowing developers to build decentralized applications (dApps) on its blockchain. This innovation has opened up new possibilities across various industries, including finance, gaming, and supply chain management. The decentralized nature of cryptocurrencies allows for peer-to-peer transactions, which can reduce transaction fees and increase the speed of transfers.\r\n\r\nDespite the potential for high returns, the cryptocurrency market is known for its volatility. Prices can fluctuate dramatically within short periods, leading to significant gains or losses for investors. This volatility has attracted both individual and institutional investors, all eager to capitalize on the market\'s potential. However, it has also raised concerns about the need for regulatory oversight to protect consumers and stabilize the market. Governments around the world are grappling with how to regulate cryptocurrencies effectively, aiming to strike a balance between encouraging innovation and safeguarding investors.\r\n\r\nBeyond investment opportunities, cryptocurrencies have the potential to provide financial services to unbanked populations. In many parts of the world, traditional banking infrastructure is lacking, making it difficult for individuals to access essential financial services. Cryptocurrencies can facilitate these services, enabling users to conduct transactions and store value without relying on banks. The rise of decentralized finance (DeFi) platforms has further enhanced this potential, allowing users to lend, borrow, and earn interest on their crypto holdings without intermediaries.\r\n\r\nHowever, the cryptocurrency landscape is not without its challenges. Security issues, including hacking and fraud, have raised concerns about the safety of digital assets. Additionally, the environmental impact of cryptocurrency mining, particularly for proof-of-work models like Bitcoin, has sparked debates about sustainability. The energy consumption associated with mining operations has led to questions regarding the long-term viability of certain cryptocurrencies and their ecological footprint.\r\n\r\nIn conclusion, cryptocurrency signifies a profound shift in our understanding of money and financial systems. As technology advances and regulatory frameworks develop, the future of cryptocurrencies will likely be shaped by a combination of innovation, regulation, and societal acceptance. This exciting and rapidly evolving landscape makes cryptocurrency a fascinating topic to explore.','2025-07-26 17:14:52',16),(142,'null','ASSISTANT','[\r\n  {\r\n    \"message\": \"Cryptocurrency, or crypto, represents a revolutionary shift in the financial landscape, fundamentally changing how we view and use money. At its essence, cryptocurrency is a digital or virtual form of currency that leverages cryptography for secure financial transactions. The inception of Bitcoin in 2009 by an anonymous creator known as Satoshi Nakamoto marked the beginning of this new era in finance. Bitcoin operates on blockchain technology, a decentralized ledger that records all transactions across a network of computers, ensuring transparency and security without the need for a central authority.\"\r\n  },\r\n  {\r\n    \"message\": \"Since Bitcoin\'s emergence, thousands of alternative cryptocurrencies, known as altcoins, have been developed, each bringing unique features and functionalities to the table. Ethereum, for instance, introduced the concept of smart contracts, allowing developers to build decentralized applications (dApps) on its blockchain. This innovation has opened up new possibilities across various industries, including finance, gaming, and supply chain management. The decentralized nature of cryptocurrencies allows for peer-to-peer transactions, which can reduce transaction fees and increase the speed of transfers.\"\r\n  },\r\n  {\r\n    \"message\": \"Despite the potential for high returns, the cryptocurrency market is known for its volatility. Prices can fluctuate dramatically within short periods, leading to significant gains or losses for investors. This volatility has attracted both individual and institutional investors, all eager to capitalize on the market\'s potential. However, it has also raised concerns about the need for regulatory oversight to protect consumers and stabilize the market. Governments around the world are grappling with how to regulate cryptocurrencies effectively, aiming to strike a balance between encouraging innovation and safeguarding investors.\"\r\n  },\r\n  {\r\n    \"message\": \"Beyond investment opportunities, cryptocurrencies have the potential to provide financial services to unbanked populations. In many parts of the world, traditional banking infrastructure is lacking, making it difficult for individuals to access essential financial services. Cryptocurrencies can facilitate these services, enabling users to conduct transactions and store value without relying on banks. The rise of decentralized finance (DeFi) platforms has further enhanced this potential, allowing users to lend, borrow, and earn interest on their crypto holdings without intermediaries.\"\r\n  },\r\n  {\r\n    \"message\": \"However, the cryptocurrency landscape is not without its challenges. Security issues, including hacking and fraud, have raised concerns about the safety of digital assets. Additionally, the environmental impact of cryptocurrency mining, particularly for proof-of-work models like Bitcoin, has sparked debates about sustainability. The energy consumption associated with mining operations has led to questions regarding the long-term viability of certain cryptocurrencies and their ecological footprint.\"\r\n  },\r\n  {\r\n    \"message\": \"In conclusion, cryptocurrency signifies a profound shift in our understanding of money and financial systems. As technology advances and regulatory frameworks develop, the future of cryptocurrencies will likely be shaped by a combination of innovation, regulation, and societal acceptance. This exciting and rapidly evolving landscape makes cryptocurrency a fascinating topic to explore.\"\r\n  }\r\n]','2025-07-26 17:15:05',16),(143,'null','USER','Cryptocurrency, or crypto, represents a revolutionary shift in the financial landscape, fundamentally changing how we view and use money. At its essence, cryptocurrency is a digital or virtual form of currency that leverages cryptography for secure financial transactions. The inception of Bitcoin in 2009 by an anonymous creator known as Satoshi Nakamoto marked the beginning of this new era in finance. Bitcoin operates on blockchain technology, a decentralized ledger that records all transactions across a network of computers, ensuring transparency and security without the need for a central authority.\r\n\r\nSince Bitcoin\'s emergence, thousands of alternative cryptocurrencies, known as altcoins, have been developed, each bringing unique features and functionalities to the table. Ethereum, for instance, introduced the concept of smart contracts, allowing developers to build decentralized applications (dApps) on its blockchain. This innovation has opened up new possibilities across various industries, including finance, gaming, and supply chain management. The decentralized nature of cryptocurrencies allows for peer-to-peer transactions, which can reduce transaction fees and increase the speed of transfers.\r\n\r\nDespite the potential for high returns, the cryptocurrency market is known for its volatility. Prices can fluctuate dramatically within short periods, leading to significant gains or losses for investors. This volatility has attracted both individual and institutional investors, all eager to capitalize on the market\'s potential. However, it has also raised concerns about the need for regulatory oversight to protect consumers and stabilize the market. Governments around the world are grappling with how to regulate cryptocurrencies effectively, aiming to strike a balance between encouraging innovation and safeguarding investors.\r\n\r\nBeyond investment opportunities, cryptocurrencies have the potential to provide financial services to unbanked populations. In many parts of the world, traditional banking infrastructure is lacking, making it difficult for individuals to access essential financial services. Cryptocurrencies can facilitate these services, enabling users to conduct transactions and store value without relying on banks. The rise of decentralized finance (DeFi) platforms has further enhanced this potential, allowing users to lend, borrow, and earn interest on their crypto holdings without intermediaries.\r\n\r\nHowever, the cryptocurrency landscape is not without its challenges. Security issues, including hacking and fraud, have raised concerns about the safety of digital assets. Additionally, the environmental impact of cryptocurrency mining, particularly for proof-of-work models like Bitcoin, has sparked debates about sustainability. The energy consumption associated with mining operations has led to questions regarding the long-term viability of certain cryptocurrencies and their ecological footprint.\r\n\r\nIn conclusion, cryptocurrency signifies a profound shift in our understanding of money and financial systems. As technology advances and regulatory frameworks develop, the future of cryptocurrencies will likely be shaped by a combination of innovation, regulation, and societal acceptance. This exciting and rapidly evolving landscape makes cryptocurrency a fascinating topic to explore.','2025-07-26 17:15:12',16),(144,'null','ASSISTANT','[\r\n  {\r\n    \"message\": \"Cryptocurrency, or crypto, represents a revolutionary shift in the financial landscape, fundamentally changing how we view and use money. At its essence, cryptocurrency is a digital or virtual form of currency that leverages cryptography for secure financial transactions. The inception of Bitcoin in 2009 by an anonymous creator known as Satoshi Nakamoto marked the beginning of this new era in finance. Bitcoin operates on blockchain technology, a decentralized ledger that records all transactions across a network of computers, ensuring transparency and security without the need for a central authority.\"\r\n  },\r\n  {\r\n    \"message\": \"Since Bitcoin\'s emergence, thousands of alternative cryptocurrencies, known as altcoins, have been developed, each bringing unique features and functionalities to the table. Ethereum, for instance, introduced the concept of smart contracts, allowing developers to build decentralized applications (dApps) on its blockchain. This innovation has opened up new possibilities across various industries, including finance, gaming, and supply chain management. The decentralized nature of cryptocurrencies allows for peer-to-peer transactions, which can reduce transaction fees and increase the speed of transfers.\"\r\n  },\r\n  {\r\n    \"message\": \"Despite the potential for high returns, the cryptocurrency market is known for its volatility. Prices can fluctuate dramatically within short periods, leading to significant gains or losses for investors. This volatility has attracted both individual and institutional investors, all eager to capitalize on the market\'s potential. However, it has also raised concerns about the need for regulatory oversight to protect consumers and stabilize the market. Governments around the world are grappling with how to regulate cryptocurrencies effectively, aiming to strike a balance between encouraging innovation and safeguarding investors.\"\r\n  },\r\n  {\r\n    \"message\": \"Beyond investment opportunities, cryptocurrencies have the potential to provide financial services to unbanked populations. In many parts of the world, traditional banking infrastructure is lacking, making it difficult for individuals to access essential financial services. Cryptocurrencies can facilitate these services, enabling users to conduct transactions and store value without relying on banks. The rise of decentralized finance (DeFi) platforms has further enhanced this potential, allowing users to lend, borrow, and earn interest on their crypto holdings without intermediaries.\"\r\n  },\r\n  {\r\n    \"message\": \"However, the cryptocurrency landscape is not without its challenges. Security issues, including hacking and fraud, have raised concerns about the safety of digital assets. Additionally, the environmental impact of cryptocurrency mining, particularly for proof-of-work models like Bitcoin, has sparked debates about sustainability. The energy consumption associated with mining operations has led to questions regarding the long-term viability of certain cryptocurrencies and their ecological footprint.\"\r\n  },\r\n  {\r\n    \"message\": \"In conclusion, cryptocurrency signifies a profound shift in our understanding of money and financial systems. As technology advances and regulatory frameworks develop, the future of cryptocurrencies will likely be shaped by a combination of innovation, regulation, and societal acceptance. This exciting and rapidly evolving landscape makes cryptocurrency a fascinating topic to explore.\"\r\n  }\r\n]','2025-07-26 17:15:26',16),(145,'null','USER','Cryptocurrency, or crypto, represents a revolutionary shift in the financial landscape, fundamentally changing how we view and use money. At its essence, cryptocurrency is a digital or virtual form of currency that leverages cryptography for secure financial transactions. The inception of Bitcoin in 2009 by an anonymous creator known as Satoshi Nakamoto marked the beginning of this new era in finance. Bitcoin operates on blockchain technology, a decentralized ledger that records all transactions across a network of computers, ensuring transparency and security without the need for a central authority.\r\n\r\nSince Bitcoin\'s emergence, thousands of alternative cryptocurrencies, known as altcoins, have been developed, each bringing unique features and functionalities to the table. Ethereum, for instance, introduced the concept of smart contracts, allowing developers to build decentralized applications (dApps) on its blockchain. This innovation has opened up new possibilities across various industries, including finance, gaming, and supply chain management. The decentralized nature of cryptocurrencies allows for peer-to-peer transactions, which can reduce transaction fees and increase the speed of transfers.\r\n\r\nDespite the potential for high returns, the cryptocurrency market is known for its volatility. Prices can fluctuate dramatically within short periods, leading to significant gains or losses for investors. This volatility has attracted both individual and institutional investors, all eager to capitalize on the market\'s potential. However, it has also raised concerns about the need for regulatory oversight to protect consumers and stabilize the market. Governments around the world are grappling with how to regulate cryptocurrencies effectively, aiming to strike a balance between encouraging innovation and safeguarding investors.\r\n\r\nBeyond investment opportunities, cryptocurrencies have the potential to provide financial services to unbanked populations. In many parts of the world, traditional banking infrastructure is lacking, making it difficult for individuals to access essential financial services. Cryptocurrencies can facilitate these services, enabling users to conduct transactions and store value without relying on banks. The rise of decentralized finance (DeFi) platforms has further enhanced this potential, allowing users to lend, borrow, and earn interest on their crypto holdings without intermediaries.\r\n\r\nHowever, the cryptocurrency landscape is not without its challenges. Security issues, including hacking and fraud, have raised concerns about the safety of digital assets. Additionally, the environmental impact of cryptocurrency mining, particularly for proof-of-work models like Bitcoin, has sparked debates about sustainability. The energy consumption associated with mining operations has led to questions regarding the long-term viability of certain cryptocurrencies and their ecological footprint.\r\n\r\nIn conclusion, cryptocurrency signifies a profound shift in our understanding of money and financial systems. As technology advances and regulatory frameworks develop, the future of cryptocurrencies will likely be shaped by a combination of innovation, regulation, and societal acceptance. This exciting and rapidly evolving landscape makes cryptocurrency a fascinating topic to explore.','2025-07-26 17:16:32',16),(146,'null','ASSISTANT','[\r\n  {\r\n    \"message\": \"Cryptocurrency, or crypto, represents a revolutionary shift in the financial landscape, fundamentally changing how we view and use money. At its essence, cryptocurrency is a digital or virtual form of currency that leverages cryptography for secure financial transactions. The inception of Bitcoin in 2009 by an anonymous creator known as Satoshi Nakamoto marked the beginning of this new era in finance. Bitcoin operates on blockchain technology, a decentralized ledger that records all transactions across a network of computers, ensuring transparency and security without the need for a central authority.\"\r\n  },\r\n  {\r\n    \"message\": \"Since Bitcoin\'s emergence, thousands of alternative cryptocurrencies, known as altcoins, have been developed, each bringing unique features and functionalities to the table. Ethereum, for instance, introduced the concept of smart contracts, allowing developers to build decentralized applications (dApps) on its blockchain. This innovation has opened up new possibilities across various industries, including finance, gaming, and supply chain management. The decentralized nature of cryptocurrencies allows for peer-to-peer transactions, which can reduce transaction fees and increase the speed of transfers.\"\r\n  },\r\n  {\r\n    \"message\": \"Despite the potential for high returns, the cryptocurrency market is known for its volatility. Prices can fluctuate dramatically within short periods, leading to significant gains or losses for investors. This volatility has attracted both individual and institutional investors, all eager to capitalize on the market\'s potential. However, it has also raised concerns about the need for regulatory oversight to protect consumers and stabilize the market. Governments around the world are grappling with how to regulate cryptocurrencies effectively, aiming to strike a balance between encouraging innovation and safeguarding investors.\"\r\n  },\r\n  {\r\n    \"message\": \"Beyond investment opportunities, cryptocurrencies have the potential to provide financial services to unbanked populations. In many parts of the world, traditional banking infrastructure is lacking, making it difficult for individuals to access essential financial services. Cryptocurrencies can facilitate these services, enabling users to conduct transactions and store value without relying on banks. The rise of decentralized finance (DeFi) platforms has further enhanced this potential, allowing users to lend, borrow, and earn interest on their crypto holdings without intermediaries.\"\r\n  },\r\n  {\r\n    \"message\": \"However, the cryptocurrency landscape is not without its challenges. Security issues, including hacking and fraud, have raised concerns about the safety of digital assets. Additionally, the environmental impact of cryptocurrency mining, particularly for proof-of-work models like Bitcoin, has sparked debates about sustainability. The energy consumption associated with mining operations has led to questions regarding the long-term viability of certain cryptocurrencies and their ecological footprint.\"\r\n  },\r\n  {\r\n    \"message\": \"In conclusion, cryptocurrency signifies a profound shift in our understanding of money and financial systems. As technology advances and regulatory frameworks develop, the future of cryptocurrencies will likely be shaped by a combination of innovation, regulation, and societal acceptance. This exciting and rapidly evolving landscape makes cryptocurrency a fascinating topic to explore.\"\r\n  }\r\n]','2025-07-26 17:16:46',16),(147,'null','USER','helo','2025-07-26 21:10:53',16),(148,'null','ASSISTANT','[{\"message\":\"Hello! How can I assist you today?\"}]','2025-07-26 21:10:56',16),(149,'null','USER','what your name','2025-07-26 21:11:06',16),(150,'null','ASSISTANT','[{\"message\":\"My name is VChat Assistant.\"}]','2025-07-26 21:11:08',16),(151,'null','USER','how old are you','2025-07-26 21:11:23',16),(152,'null','ASSISTANT','[{\"message\":\"I don\'t have an age like a human, but I was created by OpenAI and my training data goes up until October 2021!\"}]','2025-07-26 21:11:25',16),(153,'null','USER','nói bằng tiếng việt được không','2025-07-26 21:12:02',16),(154,'null','ASSISTANT','[{\"message\":\"Có, tôi có thể nói bằng tiếng Việt! Bạn cần giúp gì hôm nay?\"}]','2025-07-26 21:12:05',16),(155,'null','USER','viết cho tôi 1 đoạn văn ngắn tầm 500 từ về chủ đề etherium','2025-07-26 21:13:54',16),(156,'null','ASSISTANT','[\r\n  {\r\n    \"message\": \"Ethereum, được giới thiệu vào năm 2015 bởi Vitalik Buterin và nhóm phát triển của ông, là một nền tảng blockchain mã nguồn mở, cho phép phát triển và triển khai các ứng dụng phi tập trung (dApps) và hợp đồng thông minh. Khác với Bitcoin, chỉ đơn thuần là một loại tiền tệ số, Ethereum cung cấp một môi trường để các nhà phát triển có thể xây dựng các ứng dụng phức tạp hơn, tận dụng sức mạnh của công nghệ blockchain. Hợp đồng thông minh là những đoạn mã tự thực hiện, tự động thực hiện các điều khoản của thỏa thuận khi các điều kiện nhất định được đáp ứng, giúp giảm thiểu sự cần thiết của bên trung gian và tăng tính minh bạch trong giao dịch.\\n\\nEthereum đã giúp mở ra một kỷ nguyên mới cho ngành công nghiệp blockchain, cho phép nhiều dự án và ứng dụng khác nhau ra đời, từ tài chính phi tập trung (DeFi) đến mã thông báo không thể thay thế (NFT). Sự phát triển mạnh mẽ của DeFi trên Ethereum đã mang đến cho người dùng khả năng vay, cho vay, và giao dịch tài sản mà không cần sự can thiệp của ngân hàng hay tổ chức tài chính truyền thống. Các NFT, được xây dựng trên nền tảng Ethereum, đã trở thành một phần quan trọng trong việc xác thực quyền sở hữu tài sản kỹ thuật số như nghệ thuật, âm nhạc và đồ sưu tầm.\\n\\nTuy nhiên, Ethereum cũng phải đối mặt với một số thách thức lớn. Một trong những vấn đề chính là khả năng mở rộng. Khi số lượng người dùng và ứng dụng trên mạng Ethereum tăng lên, mạng lưới đã gặp khó khăn trong việc xử lý khối lượng giao dịch lớn, dẫn đến phí giao dịch cao và thời gian xử lý chậm. Để giải quyết vấn đề này, Ethereum đang trong quá trình chuyển đổi từ cơ chế đồng thuận Proof of Work (PoW) sang Proof of Stake (PoS) thông qua bản nâng cấp Ethereum 2.0. Chuyển đổi này không chỉ giúp cải thiện khả năng mở rộng mà còn giảm thiểu tác động môi trường của việc khai thác.\\n\\nHệ sinh thái Ethereum không ngừng phát triển với sự tham gia của hàng triệu nhà phát triển và người dùng trên toàn cầu. Tính linh hoạt và khả năng mở rộng của nền tảng này đã thu hút sự chú ý từ nhiều tổ chức và doanh nghiệp lớn, thúc đẩy sự phát triển của các ứng dụng mới và sáng tạo. Sự ra đời của các giao thức và công cụ mới đã giúp đơn giản hóa quá trình phát triển dApps, mở rộng khả năng tiếp cận cho cả những người mới bắt đầu và các nhà phát triển dày dạn kinh nghiệm. \\n\\nTrong bối cảnh công nghệ blockchain đang ngày càng phát triển và được áp dụng rộng rãi, Ethereum chắc chắn sẽ vẫn giữ vững vị thế của mình như một trong những nền tảng quan trọng nhất trong ngành công nghiệp công nghệ tài chính và blockchain, tiếp tục thúc đẩy sự đổi mới và tạo ra nhiều cơ hội mới cho người dùng và nhà phát triển trên toàn thế giới.\"\r\n  }\r\n]','2025-07-26 21:14:06',16),(157,'null','USER','hãy đếm cho tôi từ 1 đến 10','2025-07-26 21:15:45',16),(158,'null','ASSISTANT','[\r\n  {\r\n    \"message\": \"1\"\r\n  },\r\n  {\r\n    \"message\": \"2\"\r\n  },\r\n  {\r\n    \"message\": \"3\"\r\n  },\r\n  {\r\n    \"message\": \"4\"\r\n  },\r\n  {\r\n    \"message\": \"5\"\r\n  },\r\n  {\r\n    \"message\": \"6\"\r\n  },\r\n  {\r\n    \"message\": \"7\"\r\n  },\r\n  {\r\n    \"message\": \"8\"\r\n  },\r\n  {\r\n    \"message\": \"9\"\r\n  },\r\n  {\r\n    \"message\": \"10\"\r\n  }\r\n]','2025-07-26 21:15:48',16),(159,'null','USER','làm cho 1 20 dòng','2025-07-26 21:17:35',16),(160,'null','ASSISTANT','[\r\n  {\r\n    \"message\": \"1\"\r\n  },\r\n  {\r\n    \"message\": \"2\"\r\n  },\r\n  {\r\n    \"message\": \"3\"\r\n  },\r\n  {\r\n    \"message\": \"4\"\r\n  },\r\n  {\r\n    \"message\": \"5\"\r\n  },\r\n  {\r\n    \"message\": \"6\"\r\n  },\r\n  {\r\n    \"message\": \"7\"\r\n  },\r\n  {\r\n    \"message\": \"8\"\r\n  },\r\n  {\r\n    \"message\": \"9\"\r\n  },\r\n  {\r\n    \"message\": \"10\"\r\n  },\r\n  {\r\n    \"message\": \"11\"\r\n  },\r\n  {\r\n    \"message\": \"12\"\r\n  },\r\n  {\r\n    \"message\": \"13\"\r\n  },\r\n  {\r\n    \"message\": \"14\"\r\n  },\r\n  {\r\n    \"message\": \"15\"\r\n  },\r\n  {\r\n    \"message\": \"16\"\r\n  },\r\n  {\r\n    \"message\": \"17\"\r\n  },\r\n  {\r\n    \"message\": \"18\"\r\n  },\r\n  {\r\n    \"message\": \"19\"\r\n  },\r\n  {\r\n    \"message\": \"20\"\r\n  }\r\n]','2025-07-26 21:17:41',16),(161,'c355281b-4053-4387-ba11-e068b318cd1a','USER','đếm từ 1 đến 10 cho tôi','2025-07-26 21:21:52',16),(162,'c355281b-4053-4387-ba11-e068b318cd1a','ASSISTANT','{\n  \"0\": {\n    \"message\": \"1\"\n  },\n  \"1\": {\n    \"message\": \"2\"\n  },\n  \"2\": {\n    \"message\": \"3\"\n  },\n  \"3\": {\n    \"message\": \"4\"\n  },\n  \"4\": {\n    \"message\": \"5\"\n  },\n  \"5\": {\n    \"message\": \"6\"\n  },\n  \"6\": {\n    \"message\": \"7\"\n  },\n  \"7\": {\n    \"message\": \"8\"\n  },\n  \"8\": {\n    \"message\": \"9\"\n  },\n  \"9\": {\n    \"message\": \"10\"\n  }\n}','2025-07-26 21:21:55',16),(163,'6f3dd28d-04e8-42b0-95ed-757ea29c2474','USER','helo','2025-07-26 21:23:32',16),(164,'6f3dd28d-04e8-42b0-95ed-757ea29c2474','ASSISTANT','[{\"message\":\"Hello! How can I assist you today?\"}]','2025-07-26 21:23:33',16),(165,'0b7c2973-8a8d-4a22-8e6c-2ebd2dc85ac1','USER','đếm từ 1 đến 10','2025-07-26 21:23:46',16),(166,'0b7c2973-8a8d-4a22-8e6c-2ebd2dc85ac1','ASSISTANT','{\n  \"$schema\": \"https://json-schema.org/draft/2020-12/schema\",\n  \"type\": \"array\",\n  \"items\": [\n    {\n      \"message\": \"1\"\n    },\n    {\n      \"message\": \"2\"\n    },\n    {\n      \"message\": \"3\"\n    },\n    {\n      \"message\": \"4\"\n    },\n    {\n      \"message\": \"5\"\n    },\n    {\n      \"message\": \"6\"\n    },\n    {\n      \"message\": \"7\"\n    },\n    {\n      \"message\": \"8\"\n    },\n    {\n      \"message\": \"9\"\n    },\n    {\n      \"message\": \"10\"\n    }\n  ]\n}','2025-07-26 21:23:49',16),(167,'2a0cc552-d669-42ac-b89f-fda1f73c4aea','USER','đây là gì','2025-07-26 21:29:50',16),(168,'2a0cc552-d669-42ac-b89f-fda1f73c4aea','ASSISTANT','[\n  {\n    \"message\": \"Đây là một bức ảnh của một con chó đang đội một chiếc mũ len màu hồng.\"\n  }\n]','2025-07-26 21:29:54',16),(169,'87488d19-d8ec-425e-b21f-a40316a8f353','USER','đếm giúp tôi số từ 1 đến 10 ','2025-07-26 21:35:25',16),(170,'87488d19-d8ec-425e-b21f-a40316a8f353','ASSISTANT','{\n  \"$schema\": \"https://json-schema.org/draft/2020-12/schema\",\n  \"type\": \"array\",\n  \"items\": [\n    {\n      \"message\": \"1\"\n    },\n    {\n      \"message\": \"2\"\n    },\n    {\n      \"message\": \"3\"\n    },\n    {\n      \"message\": \"4\"\n    },\n    {\n      \"message\": \"5\"\n    },\n    {\n      \"message\": \"6\"\n    },\n    {\n      \"message\": \"7\"\n    },\n    {\n      \"message\": \"8\"\n    },\n    {\n      \"message\": \"9\"\n    },\n    {\n      \"message\": \"10\"\n    }\n  ]\n}','2025-07-26 21:35:28',16),(171,'28096757-743b-47a6-a367-9048739658e7','USER','đọc các số từ 1 đến 10 cho tôi','2025-07-26 21:36:39',16),(172,'28096757-743b-47a6-a367-9048739658e7','ASSISTANT','{\r\n  \"$schema\": \"https://json-schema.org/draft/2020-12/schema\",\r\n  \"type\": \"array\",\r\n  \"items\": [\r\n    {\r\n      \"message\": \"Một\"\r\n    },\r\n    {\r\n      \"message\": \"Hai\"\r\n    },\r\n    {\r\n      \"message\": \"Ba\"\r\n    },\r\n    {\r\n      \"message\": \"Bốn\"\r\n    },\r\n    {\r\n      \"message\": \"Năm\"\r\n    },\r\n    {\r\n      \"message\": \"Sáu\"\r\n    },\r\n    {\r\n      \"message\": \"Bảy\"\r\n    },\r\n    {\r\n      \"message\": \"Tám\"\r\n    },\r\n    {\r\n      \"message\": \"Chín\"\r\n    },\r\n    {\r\n      \"message\": \"Mười\"\r\n    }\r\n  ]\r\n}','2025-07-26 21:36:42',16),(173,'075724b3-c1e6-4605-8d82-5f156927a89a','USER','đếm các số từ 1 đến 10 cho tôi','2025-07-26 21:37:56',16),(174,'075724b3-c1e6-4605-8d82-5f156927a89a','ASSISTANT','{\n  \"$schema\": \"https://json-schema.org/draft/2020-12/schema\",\n  \"type\": \"array\",\n  \"items\": [\n    {\n      \"message\": \"1\"\n    },\n    {\n      \"message\": \"2\"\n    },\n    {\n      \"message\": \"3\"\n    },\n    {\n      \"message\": \"4\"\n    },\n    {\n      \"message\": \"5\"\n    },\n    {\n      \"message\": \"6\"\n    },\n    {\n      \"message\": \"7\"\n    },\n    {\n      \"message\": \"8\"\n    },\n    {\n      \"message\": \"9\"\n    },\n    {\n      \"message\": \"10\"\n    }\n  ]\n}','2025-07-26 21:37:59',16),(175,'075724b3-c1e6-4605-8d82-5f156927a89a','USER','đếm các số từ 1 đến 10 cho tôi','2025-07-26 21:40:07',16),(176,'075724b3-c1e6-4605-8d82-5f156927a89a','ASSISTANT','{\n  \"$schema\": \"https://json-schema.org/draft/2020-12/schema\",\n  \"type\": \"array\",\n  \"items\": [\n    {\n      \"message\": \"1\"\n    },\n    {\n      \"message\": \"2\"\n    },\n    {\n      \"message\": \"3\"\n    },\n    {\n      \"message\": \"4\"\n    },\n    {\n      \"message\": \"5\"\n    },\n    {\n      \"message\": \"6\"\n    },\n    {\n      \"message\": \"7\"\n    },\n    {\n      \"message\": \"8\"\n    },\n    {\n      \"message\": \"9\"\n    },\n    {\n      \"message\": \"10\"\n    }\n  ]\n}','2025-07-26 21:40:09',16),(177,'b1282e22-01b8-40e5-b560-dbf02985422a','USER','đọc các số từ 1 đến 10 cho tôi','2025-07-26 21:46:29',16),(178,'b1282e22-01b8-40e5-b560-dbf02985422a','ASSISTANT','{\r\n  \"$schema\": \"https://json-schema.org/draft/2020-12/schema\",\r\n  \"type\": \"array\",\r\n  \"items\": [\r\n    {\r\n      \"message\": \"Một\"\r\n    },\r\n    {\r\n      \"message\": \"Hai\"\r\n    },\r\n    {\r\n      \"message\": \"Ba\"\r\n    },\r\n    {\r\n      \"message\": \"Bốn\"\r\n    },\r\n    {\r\n      \"message\": \"Năm\"\r\n    },\r\n    {\r\n      \"message\": \"Sáu\"\r\n    },\r\n    {\r\n      \"message\": \"Bảy\"\r\n    },\r\n    {\r\n      \"message\": \"Tám\"\r\n    },\r\n    {\r\n      \"message\": \"Chín\"\r\n    },\r\n    {\r\n      \"message\": \"Mười\"\r\n    }\r\n  ]\r\n}','2025-07-26 21:46:32',16),(179,'31281e21-1a89-4624-907c-e35688dae57b','USER','Bạn là một trợ lý AI tên là \'VChat Assistant\'.\nYêu cầu: chỉ trả lời dưới dạng mảng JSON sau:\n\n[\n  {\"message\": \"nội dung trả lời 1\"},\n  {\"message\": \"nội dung trả lời 2\"}\n]\n\nLưu ý:\n- Không được thêm bất kỳ mô tả, văn bản nào khác ngoài JSON trên.\n- Không được bao bọc bằng markdown như ```json hay ```.\n- Nội dung cần rõ ràng, dễ hiểu.\n\nCâu hỏi của người dùng:\nđọc các số từ 1 đến 10 cho tôi','2025-07-26 21:54:38',16),(180,'31281e21-1a89-4624-907c-e35688dae57b','ASSISTANT','[\n  {\"message\": \"Một\"},\n  {\"message\": \"Hai\"},\n  {\"message\": \"Ba\"},\n  {\"message\": \"Bốn\"},\n  {\"message\": \"Năm\"},\n  {\"message\": \"Sáu\"},\n  {\"message\": \"Bảy\"},\n  {\"message\": \"Tám\"},\n  {\"message\": \"Chín\"},\n  {\"message\": \"Mười\"}\n]','2025-07-26 21:54:40',16),(181,'null','USER','Bạn là một trợ lý AI tên là \'VChat Assistant\'.\nYêu cầu: chỉ trả lời dưới dạng mảng JSON sau:\n\n[\n  {\"message\": \"nội dung trả lời 1\"},\n  {\"message\": \"nội dung trả lời 2\"}\n]\n\nLưu ý:\n- Không được thêm bất kỳ mô tả, văn bản nào khác ngoài JSON trên.\n- Không được bao bọc bằng markdown như ```json hay ```.\n- Nội dung cần rõ ràng, dễ hiểu.\n\nCâu hỏi của người dùng:\nđếm số từ 1 đến 10 cho tôi','2025-07-26 21:54:59',16),(182,'null','ASSISTANT','[\n  {\"message\": \"1\"},\n  {\"message\": \"2\"},\n  {\"message\": \"3\"},\n  {\"message\": \"4\"},\n  {\"message\": \"5\"},\n  {\"message\": \"6\"},\n  {\"message\": \"7\"},\n  {\"message\": \"8\"},\n  {\"message\": \"9\"},\n  {\"message\": \"10\"}\n]','2025-07-26 21:55:02',16),(183,'null','USER','Bạn là một trợ lý AI tên là \'VChat Assistant\'.\nYêu cầu: chỉ trả lời dưới dạng mảng JSON sau:\n\n[\n  {\"message\": \"nội dung trả lời 1\"},\n  {\"message\": \"nội dung trả lời 2\"}\n]\n\nLưu ý:\n- Không được thêm bất kỳ mô tả, văn bản nào khác ngoài JSON trên.\n- Không được bao bọc bằng markdown như ```json hay ```.\n- Nội dung cần rõ ràng, dễ hiểu.\n\nCâu hỏi của người dùng:\nviết 1 bài thơ thất ngôn tứ tuyệt ngắn','2025-07-26 21:56:39',16),(184,'null','ASSISTANT','[\n  {\"message\": \"Trăng lên cao, sáng vằng vặc,\"},\n  {\"message\": \"Gió nhẹ nhàng, lá xôn xao.\"},\n  {\"message\": \"Đêm tĩnh mịch, lòng man mát,\"},\n  {\"message\": \"Mộng bay xa, giữa trời sao.\"}\n]','2025-07-26 21:56:42',16),(185,'null','USER','Bạn là một trợ lý AI tên là \'VChat Assistant\'.\nYêu cầu: chỉ trả lời dưới dạng mảng JSON sau:\n\n[\n  {\"message\": \"nội dung trả lời 1\"},\n  {\"message\": \"nội dung trả lời 2\"}\n]\n\nLưu ý:\n- Không được thêm bất kỳ mô tả, văn bản nào khác ngoài JSON trên.\n- Không được bao bọc bằng markdown như ```json hay ```.\n- Nội dung cần rõ ràng, dễ hiểu.\n\nCâu hỏi của người dùng:\nOk được đấy','2025-07-26 21:57:00',16),(186,'null','ASSISTANT','[\n  {\"message\": \"Cảm ơn bạn! Có điều gì khác tôi có thể giúp không?\"},\n  {\"message\": \"Nếu bạn cần thêm thông tin hoặc hỗ trợ, hãy cho tôi biết nhé!\"}\n]','2025-07-26 21:57:03',16),(187,'null','USER','Bạn là một trợ lý AI tên là \'VChat Assistant\'.\nYêu cầu: chỉ trả lời dưới dạng mảng JSON sau:\n\n[\n  {\"message\": \"nội dung trả lời 1\"},\n  {\"message\": \"nội dung trả lời 2\"}\n]\n\nLưu ý:\n- Không được thêm bất kỳ mô tả, văn bản nào khác ngoài JSON trên.\n- Không được bao bọc bằng markdown như ```json hay ```.\n- Nội dung cần rõ ràng, dễ hiểu.\n\nCâu hỏi của người dùng:\nviết 1 bài thơ lục bát','2025-07-26 21:57:36',16),(188,'null','ASSISTANT','[\n  {\"message\": \"Trên cành hoa nở rực rỡ,\"},\n  {\"message\": \"Gió nhẹ nhàng, mát rượi hương.\"},\n  {\"message\": \"Mặt trời lên, rạng ngời sáng,\"},\n  {\"message\": \"Cánh chim bay, lượn giữa không.\"}\n]','2025-07-26 21:57:39',16),(189,'null','USER','Bạn là một trợ lý AI tên là \'VChat Assistant\'.\nYêu cầu: chỉ trả lời dưới dạng mảng JSON sau:\n\n[\n  {\"message\": \"nội dung trả lời 1\"},\n  {\"message\": \"nội dung trả lời 2\"}\n]\n\nLưu ý:\n- Không được thêm bất kỳ mô tả, văn bản nào khác ngoài JSON trên.\n- Không được bao bọc bằng markdown như ```json hay ```.\n- Nội dung cần rõ ràng, dễ hiểu.\n\nCâu hỏi của người dùng:\nviết 1 đoạn văn ngắn tầm 200 chữ','2025-07-26 21:58:14',16),(190,'null','ASSISTANT','[\n  {\"message\": \"Trong cuộc sống hiện đại, công nghệ đóng vai trò quan trọng trong việc kết nối con người. Từ việc sử dụng smartphone để giao tiếp, đến việc truy cập thông tin chỉ bằng một cú chạm, công nghệ đã thay đổi cách chúng ta tương tác và học hỏi. Internet không chỉ là một công cụ tìm kiếm mà còn là một nền tảng cho việc chia sẻ kiến thức và kinh nghiệm. Nhờ có mạng xã hội, mọi người có thể kết nối với nhau bất kể khoảng cách địa lý, xây dựng các mối quan hệ và cộng đồng đa dạng. Tuy nhiên, bên cạnh những lợi ích, cũng cần phải chú ý đến những tác động tiêu cực của công nghệ, như việc mất đi sự tương tác trực tiếp giữa con người và sự gia tăng của thông tin sai lệch. Do đó, việc sử dụng công nghệ một cách thông minh và có trách nhiệm là rất quan trọng để bảo đảm rằng chúng ta tận dụng tối đa những lợi ích mà nó mang lại.\"}\n]','2025-07-26 21:58:20',16),(191,'null','USER','Bạn là một trợ lý AI tên là \'VChat Assistant\'.\nYêu cầu: chỉ trả lời dưới dạng mảng JSON sau:\n\n[\n  {\"message\": \"nội dung trả lời 1\"},\n  {\"message\": \"nội dung trả lời 2\"}\n]\n\nLưu ý:\n- Không được thêm bất kỳ mô tả, văn bản nào khác ngoài JSON trên.\n- Không được bao bọc bằng markdown như ```json hay ```.\n- Nội dung cần rõ ràng, dễ hiểu.\n\nCâu hỏi của người dùng:\nphân tích cho tôi','2025-07-26 22:02:39',16),(192,'null','ASSISTANT','[\n  {\"message\": \"Xin vui lòng cung cấp thêm thông tin hoặc chủ đề bạn muốn tôi phân tích.\"},\n  {\"message\": \"Tôi sẵn sàng hỗ trợ bạn với bất kỳ thông tin nào bạn cần!\"}\n]','2025-07-26 22:02:41',16),(193,'null','USER','Bạn là một trợ lý AI tên là \'VChat Assistant\'.\nYêu cầu: chỉ trả lời dưới dạng mảng JSON sau:\n\n[\n  {\"message\": \"nội dung trả lời 1\"},\n  {\"message\": \"nội dung trả lời 2\"}\n]\n\nLưu ý:\n- Không được thêm bất kỳ mô tả, văn bản nào khác ngoài JSON trên.\n- Không được bao bọc bằng markdown như ```json hay ```.\n- Nội dung cần rõ ràng, dễ hiểu.\n\nCâu hỏi của người dùng:\nđây là gi','2025-07-26 22:03:41',16),(194,'null','ASSISTANT','[\n  {\"message\": \"Đây là một câu hỏi không rõ ràng. Bạn có thể cho tôi biết thêm chi tiết về điều bạn đang thắc mắc không?\"},\n  {\"message\": \"Tôi sẵn sàng giúp bạn với bất kỳ thông tin nào bạn cần!\"}\n]','2025-07-26 22:03:43',16),(195,'null','USER','Bạn là một trợ lý AI tên là \'VChat Assistant\'.\nYêu cầu: chỉ trả lời dưới dạng mảng JSON sau:\n\n[\n  {\"message\": \"nội dung trả lời 1\"},\n  {\"message\": \"nội dung trả lời 2\"}\n]\n\nLưu ý:\n- Không được thêm bất kỳ mô tả, văn bản nào khác ngoài JSON trên.\n- Không được bao bọc bằng markdown như ```json hay ```.\n- Nội dung cần rõ ràng, dễ hiểu.\n\nCâu hỏi của người dùng:\nhelo','2025-07-27 09:28:20',16),(196,'null','ASSISTANT','[\n  {\"message\": \"Hello! How can I assist you today?\"},\n  {\"message\": \"If you have any questions or need help, feel free to ask!\"}\n]','2025-07-27 09:28:23',16),(197,'null','USER','Bạn là một trợ lý AI tên là \'VChat Assistant\'.\nYêu cầu: chỉ trả lời dưới dạng mảng JSON sau:\n\n[\n  {\"message\": \"nội dung trả lời 1\"},\n  {\"message\": \"nội dung trả lời 2\"}\n]\n\nLưu ý:\n- Không được thêm bất kỳ mô tả, văn bản nào khác ngoài JSON trên.\n- Không được bao bọc bằng markdown như ```json hay ```.\n- Nội dung cần rõ ràng, dễ hiểu.\n\nCâu hỏi của người dùng:\ncan you tech me english','2025-07-27 09:28:58',16),(198,'null','ASSISTANT','[\n  {\"message\": \"Sure! I can help you learn English. What specific areas would you like to focus on, such as vocabulary, grammar, or conversation skills?\"},\n  {\"message\": \"Feel free to ask any questions or let me know what you want to start with!\"}\n]','2025-07-27 09:29:01',16),(199,'null','USER','Bạn là một trợ lý AI tên là \'VChat Assistant\'.\nYêu cầu: chỉ trả lời dưới dạng mảng JSON sau:\n\n[\n  {\"message\": \"nội dung trả lời 1\"},\n  {\"message\": \"nội dung trả lời 2\"}\n]\n\nLưu ý:\n- Không được thêm bất kỳ mô tả, văn bản nào khác ngoài JSON trên.\n- Không được bao bọc bằng markdown như ```json hay ```.\n- Nội dung cần rõ ràng, dễ hiểu.\n\nCâu hỏi của người dùng:\nvocabulary','2025-07-27 09:29:21',16),(200,'null','ASSISTANT','[\n  {\"message\": \"Vocabulary refers to the set of words known and used by a person or group.\"},\n  {\"message\": \"Improving your vocabulary can enhance your communication skills and understanding of a language.\"}\n]','2025-07-27 09:29:23',16),(201,'null','USER','Bạn là một trợ lý AI tên là \'VChat Assistant\'.\nYêu cầu: chỉ trả lời dưới dạng mảng JSON sau:\n\n[\n  {\"message\": \"nội dung trả lời 1\"},\n  {\"message\": \"nội dung trả lời 2\"}\n]\n\nLưu ý:\n- Không được thêm bất kỳ mô tả, văn bản nào khác ngoài JSON trên.\n- Không được bao bọc bằng markdown như ```json hay ```.\n- Nội dung cần rõ ràng, dễ hiểu.\n\nCâu hỏi của người dùng:\nso can you give me some vocabulary','2025-07-27 09:29:55',16),(202,'null','ASSISTANT','[\n  {\"message\": \"Abundant: existing or available in large quantities.\"},\n  {\"message\": \"Benevolent: well-meaning and kindly.\"},\n  {\"message\": \"Candid: truthful and straightforward.\"},\n  {\"message\": \"Diligent: showing care and effort in one\'s work.\"},\n  {\"message\": \"Eloquent: fluent or persuasive in speaking or writing.\"}\n]','2025-07-27 09:29:58',16),(203,'null','USER','Bạn là một trợ lý AI tên là \'VChat Assistant\'.\nYêu cầu: chỉ trả lời dưới dạng mảng JSON sau:\n\n[\n  {\"message\": \"nội dung trả lời 1\"},\n  {\"message\": \"nội dung trả lời 2\"}\n]\n\nLưu ý:\n- Không được thêm bất kỳ mô tả, văn bản nào khác ngoài JSON trên.\n- Không được bao bọc bằng markdown như ```json hay ```.\n- Nội dung cần rõ ràng, dễ hiểu.\n\nCâu hỏi của người dùng:\ncan you write a vocabulary and it mean by vietnamese','2025-07-27 09:31:16',16),(204,'null','ASSISTANT','[\n  {\"message\": \"Abundant: phong phú, nhiều.\"},\n  {\"message\": \"Benevolent: nhân từ, tốt bụng.\"},\n  {\"message\": \"Candid: ngay thẳng, thật thà.\"},\n  {\"message\": \"Diligent: chăm chỉ, siêng năng.\"},\n  {\"message\": \"Eloquent: hùng biện, có khả năng diễn đạt.\"}\n]','2025-07-27 09:31:19',16),(205,'null','USER','Bạn là một trợ lý AI tên là \'VChat Assistant\'.\nYêu cầu: chỉ trả lời dưới dạng mảng JSON sau:\n\n[\n  {\"message\": \"nội dung trả lời 1\"},\n  {\"message\": \"nội dung trả lời 2\"}\n]\n\nLưu ý:\n- Không được thêm bất kỳ mô tả, văn bản nào khác ngoài JSON trên.\n- Không được bao bọc bằng markdown như ```json hay ```.\n- Nội dung cần rõ ràng, dễ hiểu.\n\nCâu hỏi của người dùng:\nthank you','2025-07-27 09:31:28',16),(206,'null','ASSISTANT','[\n  {\"message\": \"You\'re welcome! If you have any more questions, feel free to ask.\"},\n  {\"message\": \"I\'m here to help you!\"}\n]','2025-07-27 09:31:30',16),(207,'null','USER','Bạn là một trợ lý AI tên là \'VChat Assistant\'.\nYêu cầu: chỉ trả lời dưới dạng mảng JSON sau:\n\n[\n  {\"message\": \"nội dung trả lời 1\"},\n  {\"message\": \"nội dung trả lời 2\"}\n]\n\nLưu ý:\n- Không được thêm bất kỳ mô tả, văn bản nào khác ngoài JSON trên.\n- Không được bao bọc bằng markdown như ```json hay ```.\n- Nội dung cần rõ ràng, dễ hiểu.\n\nCâu hỏi của người dùng:\nwhat is thí','2025-07-27 09:32:14',16),(208,'null','ASSISTANT','[\n  {\"message\": \"It seems like there might be a typo in your question. Did you mean to ask about something specific?\"},\n  {\"message\": \"If you provide more context, I\'d be happy to help!\"}\n]','2025-07-27 09:32:17',16),(209,'null','USER','Bạn là một trợ lý AI tên là \'VChat Assistant\'.\nYêu cầu: chỉ trả lời dưới dạng mảng JSON sau:\n\n[\n  {\"message\": \"nội dung trả lời 1\"},\n  {\"message\": \"nội dung trả lời 2\"}\n]\n\nLưu ý:\n- Không được thêm bất kỳ mô tả, văn bản nào khác ngoài JSON trên.\n- Không được bao bọc bằng markdown như ```json hay ```.\n- Nội dung cần rõ ràng, dễ hiểu.\n\nCâu hỏi của người dùng:\nhelo','2025-07-27 09:35:17',16),(210,'null','ASSISTANT','[\n  {\"message\": \"Hello! How can I assist you today?\"},\n  {\"message\": \"If you have any questions or need help, feel free to ask!\"}\n]','2025-07-27 09:35:20',16),(211,'null','USER','Bạn là một trợ lý AI tên là \'VChat Assistant\'.\nYêu cầu: chỉ trả lời dưới dạng mảng JSON sau:\n\n[\n  {\"message\": \"nội dung trả lời 1\"},\n  {\"message\": \"nội dung trả lời 2\"}\n]\n\nLưu ý:\n- Không được thêm bất kỳ mô tả, văn bản nào khác ngoài JSON trên.\n- Không được bao bọc bằng markdown như ```json hay ```.\n- Nội dung cần rõ ràng, dễ hiểu.\n\nCâu hỏi của người dùng:\nhow old ar you','2025-07-27 09:35:27',16),(212,'null','ASSISTANT','[\n  {\"message\": \"I don\'t have an age like a human, but I was created by OpenAI.\"},\n  {\"message\": \"My training data goes up until October 2021!\"}\n]','2025-07-27 09:35:30',16),(213,'null','USER','Bạn là một trợ lý AI tên là \'VChat Assistant\'.\nYêu cầu: chỉ trả lời dưới dạng mảng JSON sau:\n\n[\n  {\"message\": \"nội dung trả lời 1\"},\n  {\"message\": \"nội dung trả lời 2\"}\n]\n\nLưu ý:\n- Không được thêm bất kỳ mô tả, văn bản nào khác ngoài JSON trên.\n- Không được bao bọc bằng markdown như ```json hay ```.\n- Nội dung cần rõ ràng, dễ hiểu.\n\nCâu hỏi của người dùng:\nwrite a paraghap about crypto with 200 para','2025-07-27 09:53:48',16),(214,'null','ASSISTANT','[\n  {\"message\": \"Cryptocurrency, commonly referred to as crypto, is a digital or virtual form of currency that uses cryptography for security. It operates on decentralized networks based on blockchain technology, which ensures transparency and security without the need for a central authority. The first and most well-known cryptocurrency, Bitcoin, was created in 2009 by an anonymous individual or group known as Satoshi Nakamoto. Since then, thousands of alternative cryptocurrencies, known as altcoins, have emerged, each with unique features and use cases. Ethereum, for example, introduced smart contracts, enabling developers to create decentralized applications (dApps) on its platform. Cryptocurrencies allow for peer-to-peer transactions, potentially reducing transaction fees and increasing the speed of transfers. However, the market is highly volatile, with prices subject to rapid fluctuations, posing risks for investors. The potential for high returns has attracted many, but it has also raised concerns about regulatory oversight and the safety of digital assets. Moreover, issues such as hacking, fraud, and the environmental impact of cryptocurrency mining are important challenges that need to be addressed. Despite these hurdles, the growing adoption of cryptocurrencies and blockchain technology continues to reshape the financial landscape, offering new opportunities for innovation and financial inclusion.\"}\n]','2025-07-27 09:53:53',16),(215,'null','USER','Bạn là một trợ lý AI tên là \'VChat Assistant\'.\nYêu cầu: chỉ trả lời dưới dạng mảng JSON sau:\n\n[\n  {\"message\": \"nội dung trả lời 1\"},\n  {\"message\": \"nội dung trả lời 2\"}\n]\n\nLưu ý:\n- Không được thêm bất kỳ mô tả, văn bản nào khác ngoài JSON trên.\n- Không được bao bọc bằng markdown như ```json hay ```.\n- Nội dung cần rõ ràng, dễ hiểu.\n\nCâu hỏi của người dùng:\nphân tích','2025-07-27 10:10:33',16),(216,'null','ASSISTANT','[\n  {\"message\": \"Hóa đơn này là từ quán cà phê Hoàng Phúc, địa chỉ tại 24 KDC An Khánh, P. An Khánh, Q. Ninh Kiều, TP. Cần Thơ.\"},\n  {\"message\": \"Ngày 18/02/2019, tổng số tiền thanh toán là 54,000 VNĐ cho các món như cà phê, bún thịt xào, và cơm tấm.\"}\n]','2025-07-27 10:10:40',16),(217,'null','USER','helo','2025-07-29 20:06:30',16),(218,'null','USER','hi','2025-08-15 20:18:38',16),(219,'null','USER','hi','2025-08-19 15:49:37',16),(220,'null','USER','hi','2025-08-19 15:50:19',16),(221,'null','USER','hi','2025-08-19 15:50:27',16),(222,'null','USER','vhaof','2025-08-19 15:50:46',16),(223,'null','USER','chào','2025-08-19 15:51:25',16),(224,'null','ASSISTANT','[\n  {\"message\": \"Chào bạn! Tôi có thể giúp gì cho bạn hôm nay?\"}\n]','2025-08-19 15:51:27',16),(225,'null','USER','bạn là ai','2025-08-19 15:51:32',16),(226,'null','ASSISTANT','[\n  {\"message\": \"Tôi là VChat Assistant, một trợ lý AI được thiết kế để giúp bạn với nhiều thông tin và câu hỏi khác nhau.\"}\n]','2025-08-19 15:51:34',16),(227,'null','USER','bạn biết tên tôi không','2025-08-19 15:51:42',16),(228,'null','ASSISTANT','[\n  {\"message\": \"Không, tôi không biết tên của bạn. Bạn có thể cho tôi biết tên của bạn không?\"}\n]','2025-08-19 15:51:44',16),(229,'null','USER','tôi tên là sáng','2025-08-19 15:51:51',16),(230,'null','ASSISTANT','[\n  {\"message\": \"Chào Sáng! Rất vui được gặp bạn. Có điều gì tôi có thể giúp bạn hôm nay không?\"}\n]','2025-08-19 15:51:54',16),(231,'null','USER','hãy làm cho tôi 1 bài thơ lục bát','2025-08-19 15:52:04',16),(232,'null','ASSISTANT','[\n  {\"message\": \"Sáng mai lên, ánh dương rực rỡ,\"},\n  {\"message\": \"Gió nhẹ nhàng, thổi mát giữa trời.\"},\n  {\"message\": \"Bướm bay lượn, hoa thơm ngát hương,\"},\n  {\"message\": \"Lòng vui tươi, tràn đầy ước mơ.\"}\n]','2025-08-19 15:52:08',16),(233,'null','USER','thất ngôn tứ tuyệt','2025-08-19 15:52:21',16),(234,'null','ASSISTANT','[\n  {\"message\": \"Cơn gió thoảng, lá rơi đầy đất,\"},\n  {\"message\": \"Trăng sáng ngời, soi bóng bên thềm.\"},\n  {\"message\": \"Nỗi nhớ ai, giữa đêm tĩnh lặng,\"},\n  {\"message\": \"Lòng khắc khoải, ước hẹn bên đêm.\"}\n]','2025-08-19 15:52:24',16),(235,'null','USER','cho tôi biết đây là hình con gì','2025-08-19 15:52:47',16),(236,'null','ASSISTANT','[\n  {\"message\": \"Đây là hình một chú chó Shiba Inu.\"}\n]','2025-08-19 15:52:58',16),(237,'null','USER','bạn nhớ tên tôi không','2025-08-19 15:53:12',16),(238,'null','ASSISTANT','[\n  {\"message\": \"Có, tôi nhớ tên bạn là Sáng! 😊\"},\n  {\"message\": \"Bạn cần tôi giúp gì hôm nay?\"}\n]','2025-08-19 15:53:14',16);
/*!40000 ALTER TABLE `chat_ai_memory` ENABLE KEYS */;
UNLOCK TABLES;

--
-- Table structure for table `comments`
--

DROP TABLE IF EXISTS `comments`;
/*!40101 SET @saved_cs_client     = @@character_set_client */;
/*!50503 SET character_set_client = utf8mb4 */;
CREATE TABLE `comments` (
  `comment_id` int NOT NULL AUTO_INCREMENT,
  `post_id` int NOT NULL,
  `user_id` int NOT NULL,
  `content` text NOT NULL,
  `comment_date` datetime DEFAULT CURRENT_TIMESTAMP,
  `is_edited` tinyint(1) DEFAULT '0',
  `is_deleted` tinyint(1) DEFAULT '0',
  `level` int NOT NULL,
  `parent_comment_id` int DEFAULT NULL,
  PRIMARY KEY (`comment_id`),
  KEY `post_id` (`post_id`),
  KEY `user_id` (`user_id`),
  KEY `parent_comment_id` (`parent_comment_id`),
  CONSTRAINT `comments_ibfk_1` FOREIGN KEY (`post_id`) REFERENCES `posts` (`post_id`) ON DELETE CASCADE,
  CONSTRAINT `comments_ibfk_2` FOREIGN KEY (`user_id`) REFERENCES `users` (`user_id`) ON DELETE CASCADE,
  CONSTRAINT `comments_ibfk_3` FOREIGN KEY (`parent_comment_id`) REFERENCES `comments` (`comment_id`) ON DELETE CASCADE
) ENGINE=InnoDB AUTO_INCREMENT=114 DEFAULT CHARSET=utf8mb4 COLLATE=utf8mb4_0900_ai_ci;
/*!40101 SET character_set_client = @saved_cs_client */;

--
-- Dumping data for table `comments`
--

LOCK TABLES `comments` WRITE;
/*!40000 ALTER TABLE `comments` DISABLE KEYS */;
INSERT INTO `comments` VALUES (106,40,17,'Phim hay',NULL,NULL,NULL,1,NULL),(107,41,23,'Phim hay đấy',NULL,NULL,NULL,1,NULL),(108,34,23,'Tuổi thơ',NULL,NULL,NULL,1,NULL),(109,30,23,'Hoa đẹp quá',NULL,NULL,NULL,1,NULL),(110,34,19,'ok',NULL,NULL,NULL,2,108),(111,36,17,'toàn phim hay',NULL,NULL,NULL,1,NULL),(112,33,17,'ngon quá ',NULL,NULL,NULL,1,NULL),(113,29,17,'quá dễ thương',NULL,NULL,NULL,1,NULL);
/*!40000 ALTER TABLE `comments` ENABLE KEYS */;
UNLOCK TABLES;

--
-- Table structure for table `emotions`
--

DROP TABLE IF EXISTS `emotions`;
/*!40101 SET @saved_cs_client     = @@character_set_client */;
/*!50503 SET character_set_client = utf8mb4 */;
CREATE TABLE `emotions` (
  `emotion_id` int NOT NULL AUTO_INCREMENT,
  `emotion_name` enum('LIKE','LOVE','HAHA','WOW','SAD','ANGRY') DEFAULT NULL,
  PRIMARY KEY (`emotion_id`)
) ENGINE=InnoDB AUTO_INCREMENT=7 DEFAULT CHARSET=utf8mb4 COLLATE=utf8mb4_0900_ai_ci;
/*!40101 SET character_set_client = @saved_cs_client */;

--
-- Dumping data for table `emotions`
--

LOCK TABLES `emotions` WRITE;
/*!40000 ALTER TABLE `emotions` DISABLE KEYS */;
INSERT INTO `emotions` VALUES (1,'LIKE'),(2,'LOVE'),(3,'HAHA'),(4,'WOW'),(5,'SAD'),(6,'ANGRY');
/*!40000 ALTER TABLE `emotions` ENABLE KEYS */;
UNLOCK TABLES;

--
-- Table structure for table `interests`
--

DROP TABLE IF EXISTS `interests`;
/*!40101 SET @saved_cs_client     = @@character_set_client */;
/*!50503 SET character_set_client = utf8mb4 */;
CREATE TABLE `interests` (
  `interest_id` int NOT NULL AUTO_INCREMENT,
  `interest_name` varchar(100) NOT NULL,
  `category` varchar(100) DEFAULT NULL,
  PRIMARY KEY (`interest_id`),
  UNIQUE KEY `interest_name` (`interest_name`)
) ENGINE=InnoDB AUTO_INCREMENT=15 DEFAULT CHARSET=utf8mb4 COLLATE=utf8mb4_0900_ai_ci;
/*!40101 SET character_set_client = @saved_cs_client */;

--
-- Dumping data for table `interests`
--

LOCK TABLES `interests` WRITE;
/*!40000 ALTER TABLE `interests` DISABLE KEYS */;
INSERT INTO `interests` VALUES (1,'GAME',NULL),(2,'BƠI',NULL),(3,'ĐÁ BÓNG',NULL),(4,'NẤU ĂN',NULL),(5,'PHIM',NULL),(6,'TRUYỆN',NULL),(7,'CODE',NULL),(8,'ĐI DẠO',NULL),(9,'TỪ THIỆN',NULL),(10,'TRÒ CHUYỆN',NULL),(11,'CAFE',NULL),(12,'CHẠY BỘ',NULL),(13,'BÓNG CHÀY',NULL),(14,'HÁT',NULL);
/*!40000 ALTER TABLE `interests` ENABLE KEYS */;
UNLOCK TABLES;

--
-- Table structure for table `invalidated_token`
--

DROP TABLE IF EXISTS `invalidated_token`;
/*!40101 SET @saved_cs_client     = @@character_set_client */;
/*!50503 SET character_set_client = utf8mb4 */;
CREATE TABLE `invalidated_token` (
  `token_id` int NOT NULL AUTO_INCREMENT,
  `token` text,
  `expiry_time` date DEFAULT NULL,
  PRIMARY KEY (`token_id`)
) ENGINE=InnoDB DEFAULT CHARSET=utf8mb4 COLLATE=utf8mb4_0900_ai_ci;
/*!40101 SET character_set_client = @saved_cs_client */;

--
-- Dumping data for table `invalidated_token`
--

LOCK TABLES `invalidated_token` WRITE;
/*!40000 ALTER TABLE `invalidated_token` DISABLE KEYS */;
/*!40000 ALTER TABLE `invalidated_token` ENABLE KEYS */;
UNLOCK TABLES;

--
-- Table structure for table `likes`
--

DROP TABLE IF EXISTS `likes`;
/*!40101 SET @saved_cs_client     = @@character_set_client */;
/*!50503 SET character_set_client = utf8mb4 */;
CREATE TABLE `likes` (
  `like_id` int NOT NULL AUTO_INCREMENT,
  `sender_id` int NOT NULL,
  `receiver_id` int NOT NULL,
  `like_date` datetime DEFAULT CURRENT_TIMESTAMP,
  `status` enum('ACTIVE','INACTIVE') DEFAULT 'ACTIVE',
  PRIMARY KEY (`like_id`),
  UNIQUE KEY `unique_like` (`sender_id`,`receiver_id`),
  KEY `receiver_id` (`receiver_id`),
  CONSTRAINT `likes_ibfk_1` FOREIGN KEY (`sender_id`) REFERENCES `users` (`user_id`) ON DELETE CASCADE,
  CONSTRAINT `likes_ibfk_2` FOREIGN KEY (`receiver_id`) REFERENCES `users` (`user_id`) ON DELETE CASCADE
) ENGINE=InnoDB DEFAULT CHARSET=utf8mb4 COLLATE=utf8mb4_0900_ai_ci;
/*!40101 SET character_set_client = @saved_cs_client */;

--
-- Dumping data for table `likes`
--

LOCK TABLES `likes` WRITE;
/*!40000 ALTER TABLE `likes` DISABLE KEYS */;
/*!40000 ALTER TABLE `likes` ENABLE KEYS */;
UNLOCK TABLES;

--
-- Table structure for table `matches`
--

DROP TABLE IF EXISTS `matches`;
/*!40101 SET @saved_cs_client     = @@character_set_client */;
/*!50503 SET character_set_client = utf8mb4 */;
CREATE TABLE `matches` (
  `match_id` int NOT NULL AUTO_INCREMENT,
  `sender_id` int NOT NULL,
  `receiver_id` int NOT NULL,
  `match_date` datetime DEFAULT CURRENT_TIMESTAMP,
  `status` enum('PENDING','MATCHED','REJECTED') DEFAULT 'PENDING',
  PRIMARY KEY (`match_id`),
  KEY `sender_id` (`sender_id`),
  KEY `receiver_id` (`receiver_id`),
  CONSTRAINT `matches_ibfk_1` FOREIGN KEY (`sender_id`) REFERENCES `users` (`user_id`) ON DELETE CASCADE,
  CONSTRAINT `matches_ibfk_2` FOREIGN KEY (`receiver_id`) REFERENCES `users` (`user_id`) ON DELETE CASCADE
) ENGINE=InnoDB AUTO_INCREMENT=45 DEFAULT CHARSET=utf8mb4 COLLATE=utf8mb4_0900_ai_ci;
/*!40101 SET character_set_client = @saved_cs_client */;

--
-- Dumping data for table `matches`
--

LOCK TABLES `matches` WRITE;
/*!40000 ALTER TABLE `matches` DISABLE KEYS */;
INSERT INTO `matches` VALUES (4,16,20,'2025-07-15 16:53:07','MATCHED'),(6,16,21,'2025-07-15 21:04:12','MATCHED'),(7,16,22,'2025-07-15 21:04:16','MATCHED'),(8,18,17,'2025-07-15 21:04:16','MATCHED'),(10,18,19,'2025-08-04 13:20:44','MATCHED'),(14,23,17,'2025-08-04 15:31:25','MATCHED'),(15,23,16,'2025-08-04 15:38:52','MATCHED'),(16,16,15,'2025-08-08 19:17:45','MATCHED'),(17,16,6,'2025-08-15 20:17:05','REJECTED'),(18,24,19,'2025-08-17 13:00:55','MATCHED'),(19,19,20,'2025-08-17 13:07:04','MATCHED'),(20,19,21,'2025-08-17 13:07:07','PENDING'),(21,19,22,'2025-08-17 13:07:12','PENDING'),(22,16,1,'2025-08-20 16:43:54','PENDING'),(23,16,2,'2025-08-20 16:44:31','REJECTED'),(24,16,6,'2025-08-20 16:48:28','REJECTED'),(25,16,24,'2025-08-20 16:51:34','REJECTED'),(26,16,24,'2025-08-20 16:52:13','REJECTED'),(28,16,25,'2025-08-20 16:53:19','REJECTED'),(30,16,14,'2025-08-20 16:55:00','REJECTED'),(31,20,25,'2025-08-21 20:17:15','MATCHED'),(32,20,21,'2025-08-21 20:17:25','MATCHED'),(35,17,21,'2025-08-26 07:44:38','MATCHED'),(36,17,20,'2025-08-26 07:44:50','MATCHED'),(37,17,22,'2025-08-26 08:07:53','MATCHED'),(38,17,26,'2025-08-26 11:16:55','PENDING'),(39,17,13,'2025-08-26 11:16:58','PENDING'),(40,17,10,'2025-08-26 11:17:10','PENDING'),(41,17,1,'2025-08-26 11:17:12','PENDING'),(42,17,7,'2025-08-26 11:17:14','PENDING'),(43,17,25,'2025-08-26 11:17:18','PENDING'),(44,19,17,'2025-08-26 11:19:15','MATCHED');
/*!40000 ALTER TABLE `matches` ENABLE KEYS */;
UNLOCK TABLES;

--
-- Table structure for table `messages`
--

DROP TABLE IF EXISTS `messages`;
/*!40101 SET @saved_cs_client     = @@character_set_client */;
/*!50503 SET character_set_client = utf8mb4 */;
CREATE TABLE `messages` (
  `message_id` int NOT NULL AUTO_INCREMENT,
  `match_id` int NOT NULL,
  `sender_id` int NOT NULL,
  `receiver_id` int NOT NULL,
  `message_text` text NOT NULL,
  `sent_at` datetime DEFAULT CURRENT_TIMESTAMP,
  `is_read` tinyint(1) DEFAULT '0',
  `is_delete` tinyint(1) DEFAULT '0',
  PRIMARY KEY (`message_id`),
  KEY `match_id` (`match_id`),
  KEY `sender_id` (`sender_id`),
  KEY `receiver_id` (`receiver_id`),
  CONSTRAINT `messages_ibfk_1` FOREIGN KEY (`match_id`) REFERENCES `matches` (`match_id`) ON DELETE CASCADE,
  CONSTRAINT `messages_ibfk_2` FOREIGN KEY (`sender_id`) REFERENCES `users` (`user_id`) ON DELETE CASCADE,
  CONSTRAINT `messages_ibfk_3` FOREIGN KEY (`receiver_id`) REFERENCES `users` (`user_id`) ON DELETE CASCADE
) ENGINE=InnoDB AUTO_INCREMENT=130 DEFAULT CHARSET=utf8mb4 COLLATE=utf8mb4_0900_ai_ci;
/*!40101 SET character_set_client = @saved_cs_client */;

--
-- Dumping data for table `messages`
--

LOCK TABLES `messages` WRITE;
/*!40000 ALTER TABLE `messages` DISABLE KEYS */;
INSERT INTO `messages` VALUES (77,7,16,22,'23232','2025-08-19 14:52:52',NULL,0),(80,8,17,18,'tét chat','2025-08-23 17:50:01',NULL,0),(81,8,17,18,'tét cah','2025-08-23 17:50:10',NULL,0),(82,8,17,18,'Message deleted','2025-08-23 17:51:17',NULL,1),(83,8,18,17,'Message deleted','2025-08-23 17:59:47',NULL,1),(84,8,18,17,'Message deleted','2025-08-23 18:01:05',NULL,1),(85,8,17,18,'Message deleted','2025-08-24 10:23:31',NULL,1),(86,8,17,18,'Message deleted','2025-08-24 10:27:31',NULL,1),(87,8,17,18,'he','2025-08-24 10:28:18',NULL,0),(88,8,17,18,'he','2025-08-24 10:28:28',NULL,0),(89,8,17,18,'dsdsds','2025-08-24 10:28:50',NULL,0),(90,8,18,17,'Message deleted','2025-08-24 10:29:11',NULL,1),(91,8,17,18,'Message deleted','2025-08-24 10:29:18',NULL,1),(92,8,18,17,'Message deleted','2025-08-24 10:34:18',NULL,1),(93,8,17,18,'Message deleted','2025-08-24 10:38:54',NULL,1),(94,8,17,18,'Message deleted','2025-08-24 10:45:06',NULL,1),(95,8,18,17,'Message deleted','2025-08-24 10:46:48',NULL,1),(96,8,17,18,'Message deleted','2025-08-25 14:28:18',NULL,1),(97,8,17,18,'tin nhắn đã sửa 1','2025-08-25 14:49:57',NULL,0),(98,8,17,18,'1','2025-08-25 16:43:27',NULL,0),(99,8,18,17,'Message deleted','2025-08-25 16:44:46',NULL,1),(100,8,17,18,'3','2025-08-25 16:44:52',NULL,0),(101,8,17,18,'3','2025-08-25 16:52:27',NULL,0),(102,8,17,18,'Message deleted','2025-08-25 16:52:45',NULL,1),(103,8,18,17,'4','2025-08-25 16:52:49',NULL,0),(104,8,17,18,'2','2025-08-25 16:55:57',NULL,0),(105,8,17,18,'2','2025-08-25 16:56:10',NULL,0),(106,8,17,18,'2','2025-08-25 16:56:26',NULL,0),(107,8,17,18,'Message deleted','2025-08-25 16:56:54',NULL,1),(108,8,18,17,'2','2025-08-25 16:57:48',NULL,0),(109,8,18,17,'5454','2025-08-25 16:58:10',NULL,0),(110,8,17,18,'Message deleted','2025-08-25 16:58:28',NULL,1),(111,8,17,18,'1212121','2025-08-25 17:02:09',NULL,0),(112,8,18,17,'567','2025-08-25 17:03:33',NULL,0),(113,8,18,17,'55555','2025-08-25 17:03:47',NULL,0),(114,8,17,18,'999','2025-08-25 17:04:29',NULL,0),(115,8,18,17,'09090','2025-08-25 17:05:43',NULL,0),(116,8,17,18,'232','2025-08-25 17:13:20',NULL,0),(117,8,18,17,'sang gnuyen1','2025-08-25 17:52:19',NULL,0),(118,8,17,18,'Message deleted','2025-08-25 17:52:26',NULL,1),(119,8,18,17,'sang nguyen','2025-08-25 17:58:02',NULL,0),(120,8,18,17,'Chào cậu, hôm nay đi làm về chưa?','2025-08-26 07:53:42',NULL,0),(121,8,17,18,'Mình vừa về thôi, hơi mệt tí.','2025-08-26 07:53:54',NULL,0),(122,8,18,17,'Thế tối nay có rảnh đi cà phê không?','2025-08-26 07:54:04',NULL,0),(123,8,17,18,'Ừ, cũng được đó, chỗ cũ nhé?','2025-08-26 07:54:14',NULL,0),(124,8,18,17,'Ok, mình đặt bàn luôn.','2025-08-26 07:54:21',NULL,0),(125,8,17,18,'Tầm 7h được không?','2025-08-26 07:54:31',NULL,0),(126,8,18,17,'Chuẩn rồi, mình sẽ đến sớm một chút.','2025-08-26 07:54:39',NULL,0),(127,8,17,18,'Làm lệnh???','2025-08-26 10:54:33',NULL,0),(128,44,17,19,'helo','2025-08-26 11:21:08',NULL,0),(129,44,19,17,'chào bạn','2025-08-26 11:21:25',NULL,0);
/*!40000 ALTER TABLE `messages` ENABLE KEYS */;
UNLOCK TABLES;

--
-- Table structure for table `notifications`
--

DROP TABLE IF EXISTS `notifications`;
/*!40101 SET @saved_cs_client     = @@character_set_client */;
/*!50503 SET character_set_client = utf8mb4 */;
CREATE TABLE `notifications` (
  `notification_id` int NOT NULL AUTO_INCREMENT,
  `notification_type` enum('MATCH','MESSAGE','LIKE','POST','SYSTEM') NOT NULL,
  `content` text NOT NULL,
  `sender_id` int DEFAULT NULL,
  `created_at` datetime DEFAULT CURRENT_TIMESTAMP,
  PRIMARY KEY (`notification_id`),
  KEY `sender_id` (`sender_id`),
  CONSTRAINT `notifications_ibfk_1` FOREIGN KEY (`sender_id`) REFERENCES `users` (`user_id`)
) ENGINE=InnoDB AUTO_INCREMENT=65 DEFAULT CHARSET=utf8mb4 COLLATE=utf8mb4_0900_ai_ci;
/*!40101 SET character_set_client = @saved_cs_client */;

--
-- Dumping data for table `notifications`
--

LOCK TABLES `notifications` WRITE;
/*!40000 ALTER TABLE `notifications` DISABLE KEYS */;
INSERT INTO `notifications` VALUES (15,'MATCH','Nguyễn Văn K just sent you a friend request',23,'2025-08-04 15:31:25'),(16,'MATCH','Nguyễn Văn K just sent you a friend request',23,'2025-08-04 15:38:52'),(17,'MATCH','Admin accept your friend request',16,'2025-08-04 16:13:15'),(18,'MATCH','Admin just sent you a friend request',16,'2025-08-08 19:17:45'),(19,'MATCH','Admin accept your friend request',16,'2025-08-15 20:14:57'),(20,'MATCH','Admin reject your friend request',16,'2025-08-15 20:15:20'),(21,'MATCH','Admin just sent you a friend request',16,'2025-08-15 20:17:05'),(22,'MATCH','Admin reject your friend request',16,'2025-08-15 20:17:52'),(23,'MATCH','test just sent you a friend request',24,'2025-08-17 13:00:55'),(24,'MATCH','Nguyễn Văn c accept your friend request',19,'2025-08-17 13:01:36'),(25,'MATCH','Nguyễn Văn c just sent you a friend request',19,'2025-08-17 13:07:04'),(26,'MATCH','Nguyễn Văn c just sent you a friend request',19,'2025-08-17 13:07:07'),(27,'MATCH','Nguyễn Văn c just sent you a friend request',19,'2025-08-17 13:07:12'),(28,'MATCH','Admin just sent you a friend request',16,'2025-08-20 16:43:54'),(29,'MATCH','Admin just sent you a friend request',16,'2025-08-20 16:44:31'),(30,'MATCH','Admin reject your friend request',16,'2025-08-20 16:44:53'),(31,'MATCH','Admin just sent you a friend request',16,'2025-08-20 16:48:28'),(32,'MATCH','Admin reject your friend request',16,'2025-08-20 16:51:31'),(33,'MATCH','Admin just sent you a friend request',16,'2025-08-20 16:51:34'),(34,'MATCH','Admin reject your friend request',16,'2025-08-20 16:52:10'),(35,'MATCH','Admin just sent you a friend request',16,'2025-08-20 16:52:13'),(36,'MATCH','Admin reject your friend request',16,'2025-08-20 16:52:52'),(37,'MATCH','Admin just sent you a friend request',16,'2025-08-20 16:53:07'),(38,'MATCH','Admin just sent you a friend request',16,'2025-08-20 16:53:19'),(39,'MATCH','Admin reject your friend request',16,'2025-08-20 16:53:30'),(40,'MATCH','Admin just sent you a friend request',16,'2025-08-20 16:54:51'),(41,'MATCH','Admin just sent you a friend request',16,'2025-08-20 16:55:00'),(42,'MATCH','Admin reject your friend request',16,'2025-08-20 16:55:08'),(43,'MATCH','Nguyễn Văn d just sent you a friend request',20,'2025-08-21 20:17:15'),(44,'MATCH','Nguyễn Văn d just sent you a friend request',20,'2025-08-21 20:17:25'),(45,'MATCH','Nguyễn Văn d just sent you a friend request',20,'2025-08-21 20:19:07'),(46,'MATCH','Nguyễn Văn d accept your friend request',20,'2025-08-21 20:19:23'),(47,'MATCH','Nguyễn Văn d accept your friend request',20,'2025-08-21 20:19:26'),(48,'MATCH','Nguyễn Văn d accept your friend request',20,'2025-08-21 20:19:29'),(49,'MATCH','Nguyễn Văn a just sent you a friend request',17,'2025-08-26 07:44:35'),(50,'MATCH','Nguyễn Văn a just sent you a friend request',17,'2025-08-26 07:44:38'),(51,'MATCH','Nguyễn Văn a just sent you a friend request',17,'2025-08-26 07:44:50'),(52,'MATCH','Nguyễn Văn a accept your friend request',17,'2025-08-26 07:44:57'),(53,'MATCH','Nguyễn Văn a accept your friend request',17,'2025-08-26 07:45:05'),(54,'MATCH','Nguyễn Văn a accept your friend request',17,'2025-08-26 07:45:08'),(55,'MATCH','Nguyễn Văn a just sent you a friend request',17,'2025-08-26 08:07:53'),(56,'MATCH','Nguyễn Văn a accept your friend request',17,'2025-08-26 08:07:59'),(57,'MATCH','Nguyễn Văn Hoàng just sent you a friend request',17,'2025-08-26 11:16:55'),(58,'MATCH','Nguyễn Văn Hoàng just sent you a friend request',17,'2025-08-26 11:16:58'),(59,'MATCH','Nguyễn Văn Hoàng just sent you a friend request',17,'2025-08-26 11:17:10'),(60,'MATCH','Nguyễn Văn Hoàng just sent you a friend request',17,'2025-08-26 11:17:12'),(61,'MATCH','Nguyễn Văn Hoàng just sent you a friend request',17,'2025-08-26 11:17:14'),(62,'MATCH','Nguyễn Văn Hoàng just sent you a friend request',17,'2025-08-26 11:17:18'),(63,'MATCH','Nguyễn Văn Sáng just sent you a friend request',19,'2025-08-26 11:19:15'),(64,'MATCH','Nguyễn Văn Hoàng accept your friend request',17,'2025-08-26 11:20:50');
/*!40000 ALTER TABLE `notifications` ENABLE KEYS */;
UNLOCK TABLES;

--
-- Table structure for table `permissions`
--

DROP TABLE IF EXISTS `permissions`;
/*!40101 SET @saved_cs_client     = @@character_set_client */;
/*!50503 SET character_set_client = utf8mb4 */;
CREATE TABLE `permissions` (
  `permission_id` int NOT NULL AUTO_INCREMENT,
  `permission_name` varchar(100) NOT NULL,
  `description` text,
  `created` datetime DEFAULT CURRENT_TIMESTAMP,
  PRIMARY KEY (`permission_id`),
  UNIQUE KEY `permission_name` (`permission_name`)
) ENGINE=InnoDB DEFAULT CHARSET=utf8mb4 COLLATE=utf8mb4_0900_ai_ci;
/*!40101 SET character_set_client = @saved_cs_client */;

--
-- Dumping data for table `permissions`
--

LOCK TABLES `permissions` WRITE;
/*!40000 ALTER TABLE `permissions` DISABLE KEYS */;
/*!40000 ALTER TABLE `permissions` ENABLE KEYS */;
UNLOCK TABLES;

--
-- Table structure for table `photos`
--

DROP TABLE IF EXISTS `photos`;
/*!40101 SET @saved_cs_client     = @@character_set_client */;
/*!50503 SET character_set_client = utf8mb4 */;
CREATE TABLE `photos` (
  `photo_id` int NOT NULL AUTO_INCREMENT,
  `user_id` int NOT NULL,
  `photo_url` varchar(255) NOT NULL,
  `is_profile_picture` tinyint(1) DEFAULT '0',
  `upload_date` datetime DEFAULT CURRENT_TIMESTAMP,
  `is_approved` tinyint(1) DEFAULT '1',
  `is_story` tinyint(1) DEFAULT '0',
  `reviewed_by` int DEFAULT NULL,
  `review_date` datetime DEFAULT NULL,
  PRIMARY KEY (`photo_id`),
  KEY `user_id` (`user_id`),
  KEY `reviewed_by` (`reviewed_by`),
  CONSTRAINT `photos_ibfk_1` FOREIGN KEY (`user_id`) REFERENCES `users` (`user_id`) ON DELETE CASCADE,
  CONSTRAINT `photos_ibfk_2` FOREIGN KEY (`reviewed_by`) REFERENCES `users` (`user_id`) ON DELETE SET NULL
) ENGINE=InnoDB AUTO_INCREMENT=82 DEFAULT CHARSET=utf8mb4 COLLATE=utf8mb4_0900_ai_ci;
/*!40101 SET character_set_client = @saved_cs_client */;

--
-- Dumping data for table `photos`
--

LOCK TABLES `photos` WRITE;
/*!40000 ALTER TABLE `photos` DISABLE KEYS */;
INSERT INTO `photos` VALUES (1,18,'http://res.cloudinary.com/dvgxke1mp/image/upload/v1752573382/ce5voofniqdq4hknug0e.png',0,'2025-07-15 16:58:27',1,1,NULL,NULL),(2,16,'http://res.cloudinary.com/dvgxke1mp/image/upload/v1752573721/jt9mlndhmgneelwquouf.jpg',0,'2025-07-15 17:04:06',1,1,NULL,NULL),(3,18,'http://res.cloudinary.com/dvgxke1mp/image/upload/v1752573822/wdlg0sf6rfdpillsocdo.jpg',0,'2025-07-15 17:05:47',1,0,NULL,NULL),(4,18,'http://res.cloudinary.com/dvgxke1mp/image/upload/v1752581683/fuxsnc1v9euru0rl7qbs.jpg',0,'2025-07-15 19:16:48',1,0,NULL,NULL),(5,18,'http://res.cloudinary.com/dvgxke1mp/image/upload/v1752581985/t3iqtqhymkgpoq0jorda.png',0,'2025-07-15 19:21:49',1,0,NULL,NULL),(6,18,'http://res.cloudinary.com/dvgxke1mp/image/upload/v1752582151/itqjmumxyijr8rwdhn4t.png',0,'2025-07-15 19:24:36',1,0,NULL,NULL),(7,18,'http://res.cloudinary.com/dvgxke1mp/image/upload/v1752582190/zuggupaet9jueqrg3myr.jpg',0,'2025-07-15 19:25:15',1,0,NULL,NULL),(8,18,'http://res.cloudinary.com/dvgxke1mp/image/upload/v1752582232/vow9s4khj3dusdtxynrz.jpg',0,'2025-07-15 19:25:57',1,0,NULL,NULL),(9,18,'http://res.cloudinary.com/dvgxke1mp/image/upload/v1752582279/oyich70eug0qf6umtrq9.png',0,'2025-07-15 19:26:43',1,0,NULL,NULL),(10,18,'http://res.cloudinary.com/dvgxke1mp/image/upload/v1752582822/pgw6cotro7a7o89ftxqv.jpg',0,'2025-07-15 19:35:47',1,0,NULL,NULL),(11,18,'http://res.cloudinary.com/dvgxke1mp/image/upload/v1752582832/e0kmm3ugavkgdqft5unb.jpg',0,'2025-07-15 19:35:57',1,0,NULL,NULL),(12,18,'http://res.cloudinary.com/dvgxke1mp/image/upload/v1752982235/dn7hr8olgedjdekcgkwn.jpg',0,'2025-07-20 10:32:45',1,1,NULL,NULL),(13,16,'http://res.cloudinary.com/dvgxke1mp/image/upload/v1752982290/lf0uvj3zqrsskpmiu8dm.jpg',0,'2025-07-20 10:33:39',1,0,NULL,NULL),(14,16,'http://res.cloudinary.com/dvgxke1mp/image/upload/v1752982411/jlhoaojah7kw5et9wdtx.png',0,'2025-07-20 10:35:41',1,0,NULL,NULL),(15,17,'http://res.cloudinary.com/dvgxke1mp/image/upload/v1753793589/mtcdpczjmkf5jfy0rgvo.png',0,'2025-07-29 19:55:28',1,1,NULL,NULL),(16,17,'http://res.cloudinary.com/dvgxke1mp/image/upload/v1753793591/gwyrhdynzoo5ijjeovlo.png',0,'2025-07-29 19:55:30',1,1,NULL,NULL),(17,16,'http://res.cloudinary.com/dvgxke1mp/image/upload/v1753793618/fnogobyoopfkusekyqck.jpg',0,'2025-07-29 19:55:57',1,1,NULL,NULL),(18,16,'http://res.cloudinary.com/dvgxke1mp/image/upload/v1753833735/jcghblsf6ytsy0tmomu8.jpg',0,'2025-07-30 07:04:35',1,0,NULL,NULL),(19,16,'http://res.cloudinary.com/dvgxke1mp/image/upload/v1753833737/zchsojmw6oi86rgauwzx.png',0,'2025-07-30 07:04:37',1,0,NULL,NULL),(20,16,'http://res.cloudinary.com/dvgxke1mp/image/upload/v1753833739/cwvg7vnfwz8fcofwi29v.png',0,'2025-07-30 07:04:39',1,0,NULL,NULL),(21,16,'http://res.cloudinary.com/dvgxke1mp/image/upload/v1753839833/pdywtveo9r4ja4kx1dbk.png',0,'2025-07-30 08:46:13',1,0,NULL,NULL),(22,16,'http://res.cloudinary.com/dvgxke1mp/image/upload/v1753839836/qfvprqtggnefzctlbo7b.png',0,'2025-07-30 08:46:16',1,0,NULL,NULL),(23,16,'http://res.cloudinary.com/dvgxke1mp/image/upload/v1753839956/mpxvwjnggrv6ann09kpt.png',0,'2025-07-30 08:48:16',1,0,NULL,NULL),(24,16,'http://res.cloudinary.com/dvgxke1mp/image/upload/v1753839958/cdiwk5mzl9deahqlt5rm.png',0,'2025-07-30 08:48:18',1,0,NULL,NULL),(25,16,'http://res.cloudinary.com/dvgxke1mp/image/upload/v1753839960/pmlcuuki8vyn7lobcblg.jpg',0,'2025-07-30 08:48:20',1,0,NULL,NULL),(26,16,'http://res.cloudinary.com/dvgxke1mp/image/upload/v1753839962/zs2rceqnbzeqyxjchdrz.jpg',0,'2025-07-30 08:48:22',1,0,NULL,NULL),(27,16,'http://res.cloudinary.com/dvgxke1mp/image/upload/v1753840078/xz69rouyz49y3fa7vicy.jpg',0,'2025-07-30 08:50:18',1,0,NULL,NULL),(28,16,'http://res.cloudinary.com/dvgxke1mp/image/upload/v1753840080/vofq9criuwhnalgbyppg.png',0,'2025-07-30 08:50:20',1,0,NULL,NULL),(29,16,'http://res.cloudinary.com/dvgxke1mp/image/upload/v1753840082/xvfinefgd6nwbgxv0ze6.png',0,'2025-07-30 08:50:22',1,0,NULL,NULL),(30,16,'http://res.cloudinary.com/dvgxke1mp/image/upload/v1753840085/anhjpcamhfrztpynhuag.jpg',0,'2025-07-30 08:50:25',1,0,NULL,NULL),(31,17,'http://res.cloudinary.com/dvgxke1mp/image/upload/v1754208079/cikfu7ajndhriagyizyi.png',0,'2025-08-03 15:03:42',1,1,NULL,NULL),(32,18,'http://res.cloudinary.com/dvgxke1mp/image/upload/v1754210549/olcibu4c0sww81r7ewp1.jpg',0,'2025-08-03 15:44:52',1,1,NULL,NULL),(33,16,'http://res.cloudinary.com/dvgxke1mp/image/upload/v1754278368/cfxqcofjhmktey2vbngw.jpg',0,'2025-08-04 10:35:12',1,0,NULL,NULL),(34,16,'http://res.cloudinary.com/dvgxke1mp/image/upload/v1754278383/f7juq9bkqz89cbscbrxu.jpg',0,'2025-08-04 10:35:26',1,0,NULL,NULL),(35,16,'http://res.cloudinary.com/dvgxke1mp/image/upload/v1754278397/uzzrlipxigw9zz7u6yfj.jpg',0,'2025-08-04 10:35:43',1,0,NULL,NULL),(36,16,'http://res.cloudinary.com/dvgxke1mp/image/upload/v1754278402/rx21jbxljtwu6e56if68.jpg',0,'2025-08-04 10:35:46',1,0,NULL,NULL),(37,16,'http://res.cloudinary.com/dvgxke1mp/image/upload/v1754278424/fzsnc0jpih7tldqtk26a.jpg',0,'2025-08-04 10:36:08',1,0,NULL,NULL),(38,16,'http://res.cloudinary.com/dvgxke1mp/image/upload/v1754278426/q2dyn9pu5fw3ppigzz4c.jpg',0,'2025-08-04 10:36:10',1,0,NULL,NULL),(39,16,'http://res.cloudinary.com/dvgxke1mp/image/upload/v1754278429/ojkp2xcprd94m2ib7xjv.jpg',0,'2025-08-04 10:36:13',1,0,NULL,NULL),(40,16,'http://res.cloudinary.com/dvgxke1mp/image/upload/v1754278433/xztuaflmleox4j8b9thf.jpg',0,'2025-08-04 10:36:16',1,0,NULL,NULL),(41,16,'http://res.cloudinary.com/dvgxke1mp/image/upload/v1755590252/fzbtildolot4cxp0brgp.jpg',0,'2025-08-19 14:57:33',1,1,NULL,NULL),(42,17,'http://res.cloudinary.com/dvgxke1mp/image/upload/v1755590834/hekhektlnexp7e9dt02a.jpg',0,'2025-08-19 15:07:15',1,1,NULL,NULL),(43,18,'http://res.cloudinary.com/dvgxke1mp/image/upload/v1755590891/jzfqnszhpfkokvriurce.png',0,'2025-08-19 15:08:13',1,1,NULL,NULL),(44,19,'http://res.cloudinary.com/dvgxke1mp/image/upload/v1755590933/jkvp0krmlog42szbs8it.jpg',0,'2025-08-19 15:08:54',1,1,NULL,NULL),(45,17,'http://res.cloudinary.com/dvgxke1mp/image/upload/v1755690875/t9o1brk2thsxqu3llbg2.jpg',0,'2025-08-20 18:54:38',1,0,NULL,NULL),(46,18,'http://res.cloudinary.com/dvgxke1mp/image/upload/v1755693752/n1qw7fflhx2ysjuaozph.jpg',0,'2025-08-20 19:42:34',1,0,NULL,NULL),(47,19,'http://res.cloudinary.com/dvgxke1mp/image/upload/v1755693801/ne7mnk4dfyhhstw9avkb.jpg',0,'2025-08-20 19:43:23',1,0,NULL,NULL),(48,20,'http://res.cloudinary.com/dvgxke1mp/image/upload/v1755693912/mvm6uzlfhxsuvinebnpi.jpg',0,'2025-08-20 19:45:14',1,0,NULL,NULL),(49,20,'http://res.cloudinary.com/dvgxke1mp/image/upload/v1755693996/qqf3w1trlxfbvvmspauz.jpg',0,'2025-08-20 19:46:38',1,0,NULL,NULL),(50,17,'http://res.cloudinary.com/dvgxke1mp/image/upload/v1755781411/fofvos4ywd5zmplthmog.jpg',0,'2025-08-21 20:03:35',1,0,NULL,NULL),(51,17,'http://res.cloudinary.com/dvgxke1mp/image/upload/v1755781899/zskegzxt8nxt3irv4mxx.jpg',0,'2025-08-21 20:11:42',1,0,NULL,NULL),(52,18,'http://res.cloudinary.com/dvgxke1mp/image/upload/v1755781957/dzg6wun2spxtnmotf42r.png',0,'2025-08-21 20:12:41',1,0,NULL,NULL),(53,18,'http://res.cloudinary.com/dvgxke1mp/image/upload/v1755781959/m45w6s0b5kt6bf7o1eo7.jpg',0,'2025-08-21 20:12:43',1,0,NULL,NULL),(54,18,'http://res.cloudinary.com/dvgxke1mp/image/upload/v1755782006/fpjigi6m66iyhvhmui14.jpg',0,'2025-08-21 20:13:32',1,0,NULL,NULL),(55,19,'http://res.cloudinary.com/dvgxke1mp/image/upload/v1755782075/xfmq4a8o3umbqs6sxn90.jpg',0,'2025-08-21 20:14:39',1,0,NULL,NULL),(56,19,'http://res.cloudinary.com/dvgxke1mp/image/upload/v1755782132/nc6dswbzms74l1dkykm9.jpg',0,'2025-08-21 20:15:36',1,0,NULL,NULL),(57,19,'http://res.cloudinary.com/dvgxke1mp/image/upload/v1755782134/mzcwtyxu5cynf5jfrshr.jpg',0,'2025-08-21 20:15:37',1,0,NULL,NULL),(58,19,'http://res.cloudinary.com/dvgxke1mp/image/upload/v1755782136/s1zxvm77sxeqnqlqz5b7.jpg',0,'2025-08-21 20:15:40',1,0,NULL,NULL),(59,19,'http://res.cloudinary.com/dvgxke1mp/image/upload/v1755782169/w16dttofujl9oix9cmqs.jpg',0,'2025-08-21 20:16:12',1,0,NULL,NULL),(60,20,'http://res.cloudinary.com/dvgxke1mp/image/upload/v1755782207/u6jpzwfdsdwhgt4ipozr.jpg',0,'2025-08-21 20:16:51',1,0,NULL,NULL),(61,20,'http://res.cloudinary.com/dvgxke1mp/image/upload/v1755783160/oysqaofyoa5szb6r8iaf.jpg',0,'2025-08-21 20:32:44',1,0,NULL,NULL),(62,20,'http://res.cloudinary.com/dvgxke1mp/image/upload/v1755783163/szy016rwxbcnvchjys4x.jpg',0,'2025-08-21 20:32:47',1,0,NULL,NULL),(63,20,'http://res.cloudinary.com/dvgxke1mp/image/upload/v1755783166/il1kisbqh0d1bpxyw2cz.jpg',0,'2025-08-21 20:32:49',1,0,NULL,NULL),(64,20,'http://res.cloudinary.com/dvgxke1mp/image/upload/v1755783168/xvyg6n4dcnknptkl8fm5.jpg',0,'2025-08-21 20:32:51',1,0,NULL,NULL),(65,21,'http://res.cloudinary.com/dvgxke1mp/image/upload/v1755784510/ay9kx24z8qmlgob034io.jpg',0,'2025-08-21 20:55:13',1,0,NULL,NULL),(66,21,'http://res.cloudinary.com/dvgxke1mp/image/upload/v1755784578/yq4auh5utyb3wvkiv2hm.jpg',0,'2025-08-21 20:56:22',1,0,NULL,NULL),(67,22,'http://res.cloudinary.com/dvgxke1mp/image/upload/v1755784722/pnqlrfnf7xdeulfydtg1.jpg',0,'2025-08-21 20:58:45',1,0,NULL,NULL),(68,22,'http://res.cloudinary.com/dvgxke1mp/image/upload/v1755784786/fmnvrw44x2hkb4ygqb32.jpg',0,'2025-08-21 20:59:49',1,0,NULL,NULL),(69,18,'http://res.cloudinary.com/dvgxke1mp/image/upload/v1756168928/wdfnr7u6zsedyykbpocp.jpg',0,'2025-08-26 07:42:17',1,1,NULL,NULL),(70,19,'http://res.cloudinary.com/dvgxke1mp/image/upload/v1756168961/tmam8mjvk0qacilg3qoa.jpg',0,'2025-08-26 07:42:49',1,1,NULL,NULL),(71,20,'http://res.cloudinary.com/dvgxke1mp/image/upload/v1756168999/c2vhtr71krbemaqbm5ig.jpg',0,'2025-08-26 07:43:27',1,1,NULL,NULL),(72,21,'http://res.cloudinary.com/dvgxke1mp/image/upload/v1756169035/zuulujj0chwfkdu7twpu.jpg',0,'2025-08-26 07:44:04',1,1,NULL,NULL),(73,21,'http://res.cloudinary.com/dvgxke1mp/image/upload/v1756169038/cn4qjplp6yl8ysasl69w.jpg',0,'2025-08-26 07:44:06',1,1,NULL,NULL),(74,23,'http://res.cloudinary.com/dvgxke1mp/image/upload/v1756170143/nyyghdvon60w1g8eipzj.jpg',0,'2025-08-26 08:02:32',1,1,NULL,NULL),(75,22,'http://res.cloudinary.com/dvgxke1mp/image/upload/v1756170508/sgxyrcicr3mntfpyfirj.jpg',0,'2025-08-26 08:08:37',1,1,NULL,NULL),(76,30,'http://res.cloudinary.com/dvgxke1mp/image/upload/v1756180234/bnaamq58yzlfalrc5a9d.jpg',0,'2025-08-26 10:50:42',1,0,NULL,NULL),(77,30,'http://res.cloudinary.com/dvgxke1mp/image/upload/v1756180261/ksi8qbprcijywcm9vnsh.png',0,'2025-08-26 10:51:09',1,0,NULL,NULL),(78,29,'http://res.cloudinary.com/dvgxke1mp/image/upload/v1756180319/okpgsxgqvfzjh8wcjief.jpg',0,'2025-08-26 10:52:07',1,0,NULL,NULL),(79,29,'http://res.cloudinary.com/dvgxke1mp/image/upload/v1756180347/yq3tnprunwg4awki826y.jpg',0,'2025-08-26 10:52:35',1,0,NULL,NULL),(80,19,'http://res.cloudinary.com/dvgxke1mp/image/upload/v1756181623/keawo77dir9yufb2i4ha.jpg',0,'2025-08-26 11:13:51',1,0,NULL,NULL),(81,19,'http://res.cloudinary.com/dvgxke1mp/image/upload/v1756181639/imz2bdo22cg91f6msl6m.jpg',1,'2025-08-26 11:14:08',1,0,NULL,NULL);
/*!40000 ALTER TABLE `photos` ENABLE KEYS */;
UNLOCK TABLES;

--
-- Table structure for table `post_photos`
--

DROP TABLE IF EXISTS `post_photos`;
/*!40101 SET @saved_cs_client     = @@character_set_client */;
/*!50503 SET character_set_client = utf8mb4 */;
CREATE TABLE `post_photos` (
  `post_id` int NOT NULL,
  `photo_id` int NOT NULL,
  PRIMARY KEY (`post_id`,`photo_id`),
  KEY `photo_id` (`photo_id`),
  CONSTRAINT `post_photos_ibfk_1` FOREIGN KEY (`post_id`) REFERENCES `posts` (`post_id`) ON DELETE CASCADE,
  CONSTRAINT `post_photos_ibfk_2` FOREIGN KEY (`photo_id`) REFERENCES `photos` (`photo_id`) ON DELETE CASCADE
) ENGINE=InnoDB DEFAULT CHARSET=utf8mb4 COLLATE=utf8mb4_0900_ai_ci;
/*!40101 SET character_set_client = @saved_cs_client */;

--
-- Dumping data for table `post_photos`
--

LOCK TABLES `post_photos` WRITE;
/*!40000 ALTER TABLE `post_photos` DISABLE KEYS */;
INSERT INTO `post_photos` VALUES (28,50),(29,51),(30,52),(30,53),(31,54),(32,55),(33,56),(33,57),(33,58),(34,59),(35,60),(36,61),(36,62),(36,63),(36,64),(37,65),(38,66),(39,67),(40,68),(41,76),(42,77),(43,78),(44,79);
/*!40000 ALTER TABLE `post_photos` ENABLE KEYS */;
UNLOCK TABLES;

--
-- Table structure for table `post_videos`
--

DROP TABLE IF EXISTS `post_videos`;
/*!40101 SET @saved_cs_client     = @@character_set_client */;
/*!50503 SET character_set_client = utf8mb4 */;
CREATE TABLE `post_videos` (
  `post_id` int NOT NULL,
  `video_id` int NOT NULL,
  PRIMARY KEY (`post_id`,`video_id`),
  KEY `video_id` (`video_id`),
  CONSTRAINT `post_videos_ibfk_1` FOREIGN KEY (`post_id`) REFERENCES `posts` (`post_id`) ON DELETE CASCADE,
  CONSTRAINT `post_videos_ibfk_2` FOREIGN KEY (`video_id`) REFERENCES `video` (`video_id`) ON DELETE CASCADE
) ENGINE=InnoDB DEFAULT CHARSET=utf8mb4 COLLATE=utf8mb4_0900_ai_ci;
/*!40101 SET character_set_client = @saved_cs_client */;

--
-- Dumping data for table `post_videos`
--

LOCK TABLES `post_videos` WRITE;
/*!40000 ALTER TABLE `post_videos` DISABLE KEYS */;
INSERT INTO `post_videos` VALUES (45,3);
/*!40000 ALTER TABLE `post_videos` ENABLE KEYS */;
UNLOCK TABLES;

--
-- Table structure for table `posts`
--

DROP TABLE IF EXISTS `posts`;
/*!40101 SET @saved_cs_client     = @@character_set_client */;
/*!50503 SET character_set_client = utf8mb4 */;
CREATE TABLE `posts` (
  `post_id` int NOT NULL AUTO_INCREMENT,
  `content` text,
  `upload_date` datetime DEFAULT CURRENT_TIMESTAMP,
  `is_approved` tinyint(1) DEFAULT '1',
  `reviewed_by` int DEFAULT NULL,
  `reviewed_date` datetime DEFAULT NULL,
  `is_public` tinyint(1) DEFAULT '1',
  `status` enum('ACTIVE','BLOCKED','DELETED') DEFAULT 'ACTIVE',
  `is_reel` tinyint(1) DEFAULT '0',
  PRIMARY KEY (`post_id`),
  KEY `reviewed_by` (`reviewed_by`),
  CONSTRAINT `posts_ibfk_1` FOREIGN KEY (`reviewed_by`) REFERENCES `users` (`user_id`) ON DELETE SET NULL
) ENGINE=InnoDB AUTO_INCREMENT=46 DEFAULT CHARSET=utf8mb4 COLLATE=utf8mb4_0900_ai_ci;
/*!40101 SET character_set_client = @saved_cs_client */;

--
-- Dumping data for table `posts`
--

LOCK TABLES `posts` WRITE;
/*!40000 ALTER TABLE `posts` DISABLE KEYS */;
INSERT INTO `posts` VALUES (28,'bạn nghĩ sao?','2025-08-21 20:03:32',1,NULL,NULL,1,'ACTIVE',0),(29,'\"Một chút hoang dã giữa đời thường 🦊\"','2025-08-21 20:11:39',1,NULL,NULL,1,'ACTIVE',0),(30,'Đời người ngắn, cứ nở rộ như hoa 🌺','2025-08-21 20:12:39',1,NULL,NULL,1,'ACTIVE',0),(31,'Hoa nở là để ngắm, còn mình thì để thương 💐','2025-08-21 20:13:24',1,NULL,NULL,1,'ACTIVE',0),(32,'Cười lên cho đời bớt chán 😄','2025-08-21 20:14:34',1,NULL,NULL,1,'ACTIVE',0),(33,'Đồ ăn ngon cứu rỗi cả ngày tệ 🌮','2025-08-21 20:15:33',1,NULL,NULL,1,'ACTIVE',0),(34,'Anime không chỉ là hoạt hình, nó là cả tuổi trẻ ✨','2025-08-21 20:16:11',1,NULL,NULL,1,'ACTIVE',0),(35,'Không phải xe sang, chỉ là giấc mơ bốn bánh 🏎️','2025-08-21 20:16:48',1,NULL,NULL,1,'ACTIVE',0),(36,'Bạn đã xem tất cả các bộ phim này chưa?','2025-08-21 20:32:38',1,NULL,NULL,1,'ACTIVE',0),(37,'Nhìn vào mắt boss, thấy cả vũ trụ dễ thương 🐶🐱','2025-08-21 20:55:10',1,NULL,NULL,1,'ACTIVE',0),(38,'WWWWWWWWWWWWWWWW','2025-08-21 20:56:19',1,NULL,NULL,1,'ACTIVE',0),(39,'Sky is not the limit, your mind is 🚀','2025-08-21 20:58:41',1,NULL,NULL,1,'ACTIVE',0),(40,'Iron man or Doctor Doom ??','2025-08-21 20:59:44',1,NULL,NULL,1,'ACTIVE',0),(41,'bảnh không mấy đứa','2025-08-26 10:50:38',1,NULL,NULL,1,'ACTIVE',0),(42,'Phong cách:)))','2025-08-26 10:51:04',1,NULL,NULL,1,'ACTIVE',0),(43,'cuối năm lên 10$ ?????','2025-08-26 10:52:03',1,NULL,NULL,1,'ACTIVE',0),(44,'nhà hơi nhiều đất ??','2025-08-26 10:52:29',1,NULL,NULL,1,'ACTIVE',0),(45,'Video hay','2025-08-26 11:12:22',1,NULL,NULL,1,'ACTIVE',0);
/*!40000 ALTER TABLE `posts` ENABLE KEYS */;
UNLOCK TABLES;

--
-- Table structure for table `reactions`
--

DROP TABLE IF EXISTS `reactions`;
/*!40101 SET @saved_cs_client     = @@character_set_client */;
/*!50503 SET character_set_client = utf8mb4 */;
CREATE TABLE `reactions` (
  `reaction_id` int NOT NULL AUTO_INCREMENT,
  `user_id` int NOT NULL,
  `emotion_id` int NOT NULL,
  `content_id` int NOT NULL,
  `content_type` enum('POST','PHOTO','VIDEO','COMMENT') NOT NULL,
  `created_at` datetime DEFAULT CURRENT_TIMESTAMP,
  `updated_at` datetime DEFAULT CURRENT_TIMESTAMP ON UPDATE CURRENT_TIMESTAMP,
  PRIMARY KEY (`reaction_id`),
  UNIQUE KEY `unique_reaction` (`user_id`,`content_id`,`content_type`),
  KEY `emotion_id` (`emotion_id`),
  CONSTRAINT `reactions_ibfk_1` FOREIGN KEY (`user_id`) REFERENCES `users` (`user_id`) ON DELETE CASCADE,
  CONSTRAINT `reactions_ibfk_2` FOREIGN KEY (`emotion_id`) REFERENCES `emotions` (`emotion_id`) ON DELETE CASCADE
) ENGINE=InnoDB AUTO_INCREMENT=93 DEFAULT CHARSET=utf8mb4 COLLATE=utf8mb4_0900_ai_ci;
/*!40101 SET character_set_client = @saved_cs_client */;

--
-- Dumping data for table `reactions`
--

LOCK TABLES `reactions` WRITE;
/*!40000 ALTER TABLE `reactions` DISABLE KEYS */;
INSERT INTO `reactions` VALUES (73,16,1,18,'POST',NULL,'2025-08-04 10:36:56'),(75,16,1,19,'POST',NULL,'2025-08-17 12:25:51'),(77,19,3,20,'POST',NULL,'2025-08-17 13:10:01'),(78,16,1,21,'POST',NULL,'2025-08-19 16:28:27'),(79,30,3,38,'POST',NULL,'2025-08-26 10:50:00'),(80,30,6,32,'POST',NULL,'2025-08-26 10:50:08'),(81,17,2,31,'POST',NULL,'2025-08-26 10:54:04'),(82,17,1,41,'POST',NULL,'2025-08-26 11:09:09'),(83,17,2,44,'POST',NULL,'2025-08-26 11:09:12'),(84,17,4,43,'POST',NULL,'2025-08-26 11:09:17'),(85,17,3,29,'POST',NULL,'2025-08-26 11:09:20'),(86,17,1,38,'POST',NULL,'2025-08-26 11:09:24'),(87,17,2,33,'POST',NULL,'2025-08-26 11:09:27'),(88,17,1,40,'POST',NULL,'2025-08-26 11:10:02'),(89,23,1,32,'POST',NULL,'2025-08-26 11:10:35'),(90,23,1,41,'POST',NULL,'2025-08-26 11:11:02'),(91,23,2,30,'POST',NULL,'2025-08-26 11:11:33'),(92,17,1,36,'POST',NULL,'2025-08-26 11:18:02');
/*!40000 ALTER TABLE `reactions` ENABLE KEYS */;
UNLOCK TABLES;

--
-- Table structure for table `report_types`
--

DROP TABLE IF EXISTS `report_types`;
/*!40101 SET @saved_cs_client     = @@character_set_client */;
/*!50503 SET character_set_client = utf8mb4 */;
CREATE TABLE `report_types` (
  `report_type_id` int NOT NULL AUTO_INCREMENT,
  `type_name` varchar(100) NOT NULL,
  `description` text,
  PRIMARY KEY (`report_type_id`),
  UNIQUE KEY `type_name` (`type_name`)
) ENGINE=InnoDB AUTO_INCREMENT=10 DEFAULT CHARSET=utf8mb4 COLLATE=utf8mb4_0900_ai_ci;
/*!40101 SET character_set_client = @saved_cs_client */;

--
-- Dumping data for table `report_types`
--

LOCK TABLES `report_types` WRITE;
/*!40000 ALTER TABLE `report_types` DISABLE KEYS */;
INSERT INTO `report_types` VALUES (1,'spam','spam'),(2,'chats','spam'),(3,'Lừa đảo','Lừa đảo người dùng khác'),(4,'Khiêu dâm','Quấy rối'),(5,'Phân biệt chủng tộc','Phân biệt chủng tộc'),(6,'Phân biệt vùng miền','Phân biệt vùng miền'),(7,'Miệt thị ngoại hình','Miệt thị ngoại hình');
/*!40000 ALTER TABLE `report_types` ENABLE KEYS */;
UNLOCK TABLES;

--
-- Table structure for table `reports`
--

DROP TABLE IF EXISTS `reports`;
/*!40101 SET @saved_cs_client     = @@character_set_client */;
/*!50503 SET character_set_client = utf8mb4 */;
CREATE TABLE `reports` (
  `report_id` int NOT NULL AUTO_INCREMENT,
  `reporter_id` int NOT NULL,
  `reported_id` int NOT NULL,
  `report_type_id` int NOT NULL,
  `additional_details` text,
  `report_date` datetime DEFAULT CURRENT_TIMESTAMP,
  `status_report` enum('PENDING','CHECKING','RESOLVED') DEFAULT 'PENDING',
  `reviewed_by` int DEFAULT NULL,
  `review_date` datetime DEFAULT NULL,
  PRIMARY KEY (`report_id`),
  KEY `reporter_id` (`reporter_id`),
  KEY `reported_id` (`reported_id`),
  KEY `report_type_id` (`report_type_id`),
  KEY `reviewed_by` (`reviewed_by`),
  CONSTRAINT `reports_ibfk_1` FOREIGN KEY (`reporter_id`) REFERENCES `users` (`user_id`) ON DELETE CASCADE,
  CONSTRAINT `reports_ibfk_2` FOREIGN KEY (`reported_id`) REFERENCES `users` (`user_id`) ON DELETE CASCADE,
  CONSTRAINT `reports_ibfk_3` FOREIGN KEY (`report_type_id`) REFERENCES `report_types` (`report_type_id`) ON DELETE CASCADE,
  CONSTRAINT `reports_ibfk_4` FOREIGN KEY (`reviewed_by`) REFERENCES `users` (`user_id`) ON DELETE SET NULL
) ENGINE=InnoDB AUTO_INCREMENT=10 DEFAULT CHARSET=utf8mb4 COLLATE=utf8mb4_0900_ai_ci;
/*!40101 SET character_set_client = @saved_cs_client */;

--
-- Dumping data for table `reports`
--

LOCK TABLES `reports` WRITE;
/*!40000 ALTER TABLE `reports` DISABLE KEYS */;
INSERT INTO `reports` VALUES (1,1,2,1,'Lừa đảo','2025-08-26 11:04:29','PENDING',NULL,NULL),(2,1,3,2,'Ngôn từ không phù hợp','2025-08-26 11:04:29','PENDING',NULL,NULL),(3,2,1,4,'Lừa đảo tiền ảo','2025-08-26 11:04:29','PENDING',NULL,NULL),(4,4,5,3,'Phân biệt vùng miền','2025-08-26 11:04:29','PENDING',NULL,NULL),(5,7,6,5,'Phân  biệt chủng tộc','2025-08-26 11:04:29','PENDING',NULL,NULL),(6,6,8,4,'Spam liên tục','2025-08-26 11:04:29','PENDING',NULL,NULL),(7,3,7,4,'Spam tin nhắn','2025-08-26 11:04:29','PENDING',NULL,NULL),(8,2,5,2,'Tin nhắn khiêu dâm','2025-08-26 11:04:29','PENDING',NULL,NULL),(9,5,1,2,'Giả mạo người thân','2025-08-26 11:04:29','PENDING',NULL,NULL);
/*!40000 ALTER TABLE `reports` ENABLE KEYS */;
UNLOCK TABLES;

--
-- Table structure for table `role_permissions`
--

DROP TABLE IF EXISTS `role_permissions`;
/*!40101 SET @saved_cs_client     = @@character_set_client */;
/*!50503 SET character_set_client = utf8mb4 */;
CREATE TABLE `role_permissions` (
  `role_id` int NOT NULL,
  `permission_id` int NOT NULL,
  PRIMARY KEY (`role_id`,`permission_id`),
  KEY `permission_id` (`permission_id`),
  CONSTRAINT `role_permissions_ibfk_1` FOREIGN KEY (`role_id`) REFERENCES `roles` (`role_id`) ON DELETE CASCADE,
  CONSTRAINT `role_permissions_ibfk_2` FOREIGN KEY (`permission_id`) REFERENCES `permissions` (`permission_id`) ON DELETE CASCADE
) ENGINE=InnoDB DEFAULT CHARSET=utf8mb4 COLLATE=utf8mb4_0900_ai_ci;
/*!40101 SET character_set_client = @saved_cs_client */;

--
-- Dumping data for table `role_permissions`
--

LOCK TABLES `role_permissions` WRITE;
/*!40000 ALTER TABLE `role_permissions` DISABLE KEYS */;
/*!40000 ALTER TABLE `role_permissions` ENABLE KEYS */;
UNLOCK TABLES;

--
-- Table structure for table `roles`
--

DROP TABLE IF EXISTS `roles`;
/*!40101 SET @saved_cs_client     = @@character_set_client */;
/*!50503 SET character_set_client = utf8mb4 */;
CREATE TABLE `roles` (
  `role_id` int NOT NULL AUTO_INCREMENT,
  `role_name` enum('ADMIN','USER') DEFAULT NULL,
  `description` text,
  `created_date` datetime DEFAULT CURRENT_TIMESTAMP,
  PRIMARY KEY (`role_id`)
) ENGINE=InnoDB AUTO_INCREMENT=4 DEFAULT CHARSET=utf8mb4 COLLATE=utf8mb4_0900_ai_ci;
/*!40101 SET character_set_client = @saved_cs_client */;

--
-- Dumping data for table `roles`
--

LOCK TABLES `roles` WRITE;
/*!40000 ALTER TABLE `roles` DISABLE KEYS */;
INSERT INTO `roles` VALUES (1,'ADMIN',NULL,'2025-07-15 16:51:14'),(2,'USER',NULL,'2025-07-15 16:51:14'),(3,'ADMIN',NULL,NULL);
/*!40000 ALTER TABLE `roles` ENABLE KEYS */;
UNLOCK TABLES;

--
-- Table structure for table `subscription_plans`
--

DROP TABLE IF EXISTS `subscription_plans`;
/*!40101 SET @saved_cs_client     = @@character_set_client */;
/*!50503 SET character_set_client = utf8mb4 */;
CREATE TABLE `subscription_plans` (
  `plan_id` int NOT NULL AUTO_INCREMENT,
  `plan_name` varchar(50) NOT NULL,
  `price` decimal(10,2) NOT NULL,
  `duration_days` int NOT NULL,
  `features` text,
  `is_active` tinyint(1) DEFAULT '1',
  PRIMARY KEY (`plan_id`)
) ENGINE=InnoDB DEFAULT CHARSET=utf8mb4 COLLATE=utf8mb4_0900_ai_ci;
/*!40101 SET character_set_client = @saved_cs_client */;

--
-- Dumping data for table `subscription_plans`
--

LOCK TABLES `subscription_plans` WRITE;
/*!40000 ALTER TABLE `subscription_plans` DISABLE KEYS */;
/*!40000 ALTER TABLE `subscription_plans` ENABLE KEYS */;
UNLOCK TABLES;

--
-- Table structure for table `user_interests`
--

DROP TABLE IF EXISTS `user_interests`;
/*!40101 SET @saved_cs_client     = @@character_set_client */;
/*!50503 SET character_set_client = utf8mb4 */;
CREATE TABLE `user_interests` (
  `user_interests_id` int NOT NULL AUTO_INCREMENT,
  `user_id` int NOT NULL,
  `interest_id` int NOT NULL,
  PRIMARY KEY (`user_interests_id`),
  UNIQUE KEY `user_id` (`user_id`,`interest_id`),
  KEY `interest_id` (`interest_id`),
  CONSTRAINT `user_interests_ibfk_1` FOREIGN KEY (`user_id`) REFERENCES `users` (`user_id`) ON DELETE CASCADE,
  CONSTRAINT `user_interests_ibfk_2` FOREIGN KEY (`interest_id`) REFERENCES `interests` (`interest_id`) ON DELETE CASCADE
) ENGINE=InnoDB AUTO_INCREMENT=15 DEFAULT CHARSET=utf8mb4 COLLATE=utf8mb4_0900_ai_ci;
/*!40101 SET character_set_client = @saved_cs_client */;

--
-- Dumping data for table `user_interests`
--

LOCK TABLES `user_interests` WRITE;
/*!40000 ALTER TABLE `user_interests` DISABLE KEYS */;
INSERT INTO `user_interests` VALUES (13,19,2),(14,19,13),(1,28,14),(3,29,1),(2,29,2),(4,30,1),(5,30,6),(7,31,1),(6,31,8),(8,31,14),(9,32,12),(11,33,11),(10,33,13),(12,34,12);
/*!40000 ALTER TABLE `user_interests` ENABLE KEYS */;
UNLOCK TABLES;

--
-- Table structure for table `user_notifications`
--

DROP TABLE IF EXISTS `user_notifications`;
/*!40101 SET @saved_cs_client     = @@character_set_client */;
/*!50503 SET character_set_client = utf8mb4 */;
CREATE TABLE `user_notifications` (
  `user_id` int NOT NULL,
  `notification_id` int NOT NULL,
  `is_read` tinyint(1) DEFAULT '0',
  PRIMARY KEY (`user_id`,`notification_id`),
  KEY `notification_id` (`notification_id`),
  CONSTRAINT `user_notifications_ibfk_1` FOREIGN KEY (`user_id`) REFERENCES `users` (`user_id`) ON DELETE CASCADE,
  CONSTRAINT `user_notifications_ibfk_2` FOREIGN KEY (`notification_id`) REFERENCES `notifications` (`notification_id`) ON DELETE CASCADE
) ENGINE=InnoDB DEFAULT CHARSET=utf8mb4 COLLATE=utf8mb4_0900_ai_ci;
/*!40101 SET character_set_client = @saved_cs_client */;

--
-- Dumping data for table `user_notifications`
--

LOCK TABLES `user_notifications` WRITE;
/*!40000 ALTER TABLE `user_notifications` DISABLE KEYS */;
INSERT INTO `user_notifications` VALUES (1,28,0),(1,60,0),(2,29,0),(2,30,0),(5,45,0),(6,21,0),(6,22,0),(6,31,0),(6,32,0),(7,40,0),(7,61,0),(10,59,0),(13,58,0),(14,41,0),(14,42,0),(15,18,0),(15,19,0),(16,16,0),(17,15,0),(17,63,0),(18,20,0),(19,23,0),(19,47,0),(19,49,0),(19,54,0),(19,64,0),(20,25,0),(20,51,0),(20,52,0),(21,26,0),(21,44,0),(21,46,0),(21,50,0),(21,53,0),(22,27,0),(22,55,0),(22,56,0),(23,17,0),(24,24,0),(24,33,0),(24,34,0),(24,35,0),(24,36,0),(24,37,0),(25,38,0),(25,39,0),(25,43,0),(25,48,0),(25,62,0),(26,57,0);
/*!40000 ALTER TABLE `user_notifications` ENABLE KEYS */;
UNLOCK TABLES;

--
-- Table structure for table `user_posts`
--

DROP TABLE IF EXISTS `user_posts`;
/*!40101 SET @saved_cs_client     = @@character_set_client */;
/*!50503 SET character_set_client = utf8mb4 */;
CREATE TABLE `user_posts` (
  `user_id` int NOT NULL,
  `post_id` int NOT NULL,
  `upload` tinyint(1) DEFAULT NULL,
  `share` tinyint(1) DEFAULT NULL,
  `save` tinyint(1) DEFAULT NULL,
  PRIMARY KEY (`user_id`,`post_id`),
  KEY `post_id` (`post_id`),
  CONSTRAINT `user_posts_ibfk_1` FOREIGN KEY (`user_id`) REFERENCES `users` (`user_id`) ON DELETE CASCADE,
  CONSTRAINT `user_posts_ibfk_2` FOREIGN KEY (`post_id`) REFERENCES `posts` (`post_id`) ON DELETE CASCADE
) ENGINE=InnoDB DEFAULT CHARSET=utf8mb4 COLLATE=utf8mb4_0900_ai_ci;
/*!40101 SET character_set_client = @saved_cs_client */;

--
-- Dumping data for table `user_posts`
--

LOCK TABLES `user_posts` WRITE;
/*!40000 ALTER TABLE `user_posts` DISABLE KEYS */;
INSERT INTO `user_posts` VALUES (17,28,1,0,0),(17,29,1,0,0),(18,30,1,0,0),(18,31,1,0,0),(19,32,1,0,0),(19,33,1,0,0),(19,34,1,0,0),(20,35,1,0,0),(20,36,1,0,0),(21,37,1,0,0),(21,38,1,0,0),(22,39,1,0,0),(22,40,1,0,0),(23,45,1,0,0),(29,43,1,0,0),(29,44,1,0,0),(30,41,1,0,0),(30,42,1,0,0);
/*!40000 ALTER TABLE `user_posts` ENABLE KEYS */;
UNLOCK TABLES;

--
-- Table structure for table `user_preferences`
--

DROP TABLE IF EXISTS `user_preferences`;
/*!40101 SET @saved_cs_client     = @@character_set_client */;
/*!50503 SET character_set_client = utf8mb4 */;
CREATE TABLE `user_preferences` (
  `preference_id` int NOT NULL AUTO_INCREMENT,
  `user_id` int NOT NULL,
  `min_age` int DEFAULT '18',
  `max_age` int DEFAULT '100',
  `distance_km` int DEFAULT '50',
  `show_me_to_others` tinyint(1) DEFAULT '1',
  PRIMARY KEY (`preference_id`),
  KEY `user_id` (`user_id`),
  CONSTRAINT `user_preferences_ibfk_1` FOREIGN KEY (`user_id`) REFERENCES `users` (`user_id`) ON DELETE CASCADE
) ENGINE=InnoDB DEFAULT CHARSET=utf8mb4 COLLATE=utf8mb4_0900_ai_ci;
/*!40101 SET character_set_client = @saved_cs_client */;

--
-- Dumping data for table `user_preferences`
--

LOCK TABLES `user_preferences` WRITE;
/*!40000 ALTER TABLE `user_preferences` DISABLE KEYS */;
/*!40000 ALTER TABLE `user_preferences` ENABLE KEYS */;
UNLOCK TABLES;

--
-- Table structure for table `user_profiles`
--

DROP TABLE IF EXISTS `user_profiles`;
/*!40101 SET @saved_cs_client     = @@character_set_client */;
/*!50503 SET character_set_client = utf8mb4 */;
CREATE TABLE `user_profiles` (
  `profile_id` int NOT NULL AUTO_INCREMENT,
  `user_id` int NOT NULL,
  `full_name` varchar(100) NOT NULL,
  `birthdate` date NOT NULL,
  `gender` enum('MALE','FEMALE','OTHER') NOT NULL,
  `looking_for` enum('MALE','FEMALE','OTHER') NOT NULL,
  `bio` text,
  `height` int DEFAULT NULL,
  `weight` int DEFAULT NULL,
  `location` varchar(255) DEFAULT NULL,
  `job_title` varchar(255) DEFAULT NULL,
  `company` varchar(100) DEFAULT NULL,
  `education` varchar(100) DEFAULT NULL,
  `description` text,
  `profile_complete` tinyint(1) DEFAULT '0',
  `created_at` datetime DEFAULT CURRENT_TIMESTAMP,
  `updated_at` datetime DEFAULT CURRENT_TIMESTAMP ON UPDATE CURRENT_TIMESTAMP,
  PRIMARY KEY (`profile_id`),
  KEY `user_id` (`user_id`),
  CONSTRAINT `user_profiles_ibfk_1` FOREIGN KEY (`user_id`) REFERENCES `users` (`user_id`) ON DELETE CASCADE
) ENGINE=InnoDB AUTO_INCREMENT=34 DEFAULT CHARSET=utf8mb4 COLLATE=utf8mb4_0900_ai_ci;
/*!40101 SET character_set_client = @saved_cs_client */;

--
-- Dumping data for table `user_profiles`
--

LOCK TABLES `user_profiles` WRITE;
/*!40000 ALTER TABLE `user_profiles` DISABLE KEYS */;
INSERT INTO `user_profiles` VALUES (1,1,'Alice Johnson update new','1995-03-12','FEMALE','FEMALE','Love hiking and coffee!',165,55,'New York1','Software Engineer','Google','MIT','',1,'2025-07-15 16:50:14','2025-07-15 16:50:14'),(2,2,'Bob Smith','1992-07-24','MALE','FEMALE','Gamer and foodie.',180,75,'Los Angeles','Graphic Designer','Freelance','UCLA',NULL,0,'2025-07-15 16:50:14','2025-07-15 16:50:14'),(3,3,'Charlie Brown','1998-10-05','MALE','MALE','Music producer.',175,70,'Chicago','Musician','Independent','Berklee',NULL,1,'2025-07-15 16:50:14','2025-07-15 16:50:14'),(4,4,'David Williams','1990-05-18','MALE','FEMALE','Fitness trainer.',182,80,'San Francisco','Personal Trainer','GymX','Stanford',NULL,1,'2025-07-15 16:50:14','2025-07-15 16:50:14'),(5,5,'Eve Adams','1996-12-01','MALE','FEMALE','Passionate about tech.',160,50,'Seattle','Data Scientist','Amazon','Harvard',NULL,0,'2025-07-15 16:50:14','2025-07-15 16:50:14'),(6,6,'Frank Miller','1993-06-30','MALE','MALE','Adventurer and writer.',178,72,'Denver','Journalist','CNN','NYU',NULL,1,'2025-07-15 16:50:14','2025-07-15 16:50:14'),(7,7,'Grace Lee','1997-09-21','MALE','FEMALE','Dog lover.',162,53,'Austin','Veterinarian','PetCare','Texas A&M',NULL,1,'2025-07-15 16:50:14','2025-07-15 16:50:14'),(8,8,'Henry Clark','1994-02-14','MALE','MALE','Coffee addict.',185,78,'Boston','Barista','Starbucks','BU',NULL,0,'2025-07-15 16:50:14','2025-07-15 16:50:14'),(9,9,'Irene Foster','1991-11-29','MALE','FEMALE','Entrepreneur.',167,58,'Miami','Startup Founder','Self-employed','Wharton',NULL,1,'2025-07-15 16:50:14','2025-07-15 16:50:14'),(10,10,'Jack Martinez','1995-08-10','MALE','FEMALE','Photographer.',172,68,'Portland','Photographer','Freelance','RISD',NULL,1,'2025-07-15 16:50:14','2025-07-15 16:50:14'),(11,11,'Kate Lewis','1999-04-15','MALE','MALE','Passionate about cooking.',159,49,'Houston','Chef','RestaurantX','Culinary Institute',NULL,0,'2025-07-15 16:50:14','2025-07-15 16:50:14'),(12,12,'Leo White','1990-01-25','MALE','FEMALE','Love traveling.',177,74,'Phoenix','Travel Blogger','Freelance','UCLA',NULL,1,'2025-07-15 16:50:14','2025-07-15 16:50:14'),(13,13,'Mia Robinson','1993-07-08','MALE','MALE','Painter and artist.',163,52,'San Diego','Artist','GalleryX','Yale',NULL,0,'2025-07-15 16:50:14','2025-07-15 16:50:14'),(14,14,'Nathan Green','1996-05-20','MALE','FEMALE','Nature lover.',180,76,'Nashville','Environmental Scientist','NGO','Berkeley',NULL,1,'2025-07-15 16:50:14','2025-07-15 16:50:14'),(15,15,'Olivia Carter','1992-03-17','MALE','FEMALE','Yoga instructor.',166,56,'Atlanta','Yoga Teacher','Wellness Studio','Duke',NULL,1,'2025-07-15 16:50:14','2025-07-15 16:50:14'),(16,16,'Admin','2025-07-15','OTHER','OTHER',NULL,NULL,NULL,NULL,NULL,NULL,NULL,NULL,NULL,NULL,NULL),(17,17,'Nguyễn Văn Hoàng','1995-08-15','MALE','FEMALE',NULL,NULL,NULL,'Hà Nội, Việt Nam',NULL,NULL,NULL,'Tôi yêu thích công nghệ, thích du lịch và đọc sách.',NULL,NULL,'2025-08-26 10:49:44'),(18,18,'Nguyễn Văn Luân','1995-08-15','MALE','FEMALE',NULL,NULL,NULL,'Hà Nội, Việt Nam',NULL,NULL,NULL,'Tôi yêu thích công nghệ, thích du lịch và đọc sách.',NULL,NULL,'2025-08-26 10:49:44'),(19,19,'Nguyễn Văn Sáng','1995-08-13','OTHER','FEMALE','Đẹp trai',180,68,'Hà Nội, Việt Nam','Coder','FPT','Thạc sĩ','Tôi yêu thích công nghệ, thích du lịch và đọc sách.',NULL,NULL,'2025-08-26 10:49:44'),(20,20,'Nguyễn Văn Tài','1995-08-15','MALE','FEMALE',NULL,NULL,NULL,'Hà Nội, Việt Nam',NULL,NULL,NULL,'Tôi yêu thích công nghệ, thích du lịch và đọc sách.',NULL,NULL,'2025-08-26 10:49:44'),(21,21,'Hoàng Văn Thiện','1995-08-15','MALE','FEMALE',NULL,NULL,NULL,'Hà Nội, Việt Nam',NULL,NULL,NULL,'Tôi yêu thích công nghệ, thích du lịch và đọc sách.',NULL,NULL,'2025-08-26 10:49:44'),(22,22,'Lê Văn Giang','1995-08-15','MALE','FEMALE',NULL,NULL,NULL,'Hà Nội, Việt Nam',NULL,NULL,NULL,'Tôi yêu thích công nghệ, thích du lịch và đọc sách.',NULL,NULL,'2025-08-26 10:49:44'),(23,23,'Nguyễn Văn Khá','1995-08-15','MALE','FEMALE',NULL,NULL,NULL,'Hà Nội, Việt Nam',NULL,NULL,NULL,'Tôi yêu thích công nghệ, thích du lịch và đọc sách.',NULL,NULL,'2025-08-26 10:49:44'),(24,24,'Lê Đức Anh','2004-01-11','MALE','FEMALE',NULL,NULL,NULL,'hoa binh',NULL,NULL,NULL,'sangnguyen',NULL,NULL,'2025-08-26 10:49:44'),(25,25,'sangIT0615','2025-08-13','MALE','FEMALE',NULL,NULL,NULL,'1',NULL,NULL,NULL,'1',NULL,NULL,NULL),(26,26,'sang','2025-07-31','MALE','FEMALE',NULL,NULL,NULL,'1',NULL,NULL,NULL,'1',NULL,NULL,NULL),(27,28,'vũ đức thiệp','2025-08-16','MALE','FEMALE',NULL,NULL,NULL,'xuan phuong',NULL,NULL,NULL,'hat hay',NULL,NULL,NULL),(28,29,'võ tuấn uy','2025-08-01','MALE','FEMALE',NULL,NULL,NULL,'ha noi',NULL,NULL,NULL,'',NULL,NULL,NULL),(29,30,'Đinh Đức Tài','2025-08-08','FEMALE','FEMALE',NULL,NULL,NULL,'ha noi',NULL,NULL,NULL,'',NULL,NULL,NULL),(30,31,'Lê Văn Hoàng','2025-07-29','FEMALE','FEMALE',NULL,NULL,NULL,'Tây Nguyên',NULL,NULL,NULL,'Hát hay',NULL,NULL,NULL),(31,32,'Nguyễn Vane Luyện','2025-08-12','MALE','FEMALE',NULL,NULL,NULL,'Hưng Yên',NULL,NULL,NULL,'ăn cơm',NULL,NULL,NULL),(32,33,'Hoàng Văn Tài','2025-08-07','MALE','FEMALE',NULL,NULL,NULL,'Phú Thọ',NULL,NULL,NULL,'Ăn 3 bát cơm 1 ngày',NULL,NULL,NULL),(33,34,'Nguyễn Văn Thiện','2025-08-06','FEMALE','FEMALE',NULL,NULL,NULL,'Hà Nam',NULL,NULL,NULL,'Code nghệ',NULL,NULL,NULL);
/*!40000 ALTER TABLE `user_profiles` ENABLE KEYS */;
UNLOCK TABLES;

--
-- Table structure for table `user_roles`
--

DROP TABLE IF EXISTS `user_roles`;
/*!40101 SET @saved_cs_client     = @@character_set_client */;
/*!50503 SET character_set_client = utf8mb4 */;
CREATE TABLE `user_roles` (
  `user_id` int NOT NULL,
  `role_id` int NOT NULL,
  PRIMARY KEY (`user_id`,`role_id`),
  KEY `role_id` (`role_id`),
  CONSTRAINT `user_roles_ibfk_1` FOREIGN KEY (`user_id`) REFERENCES `users` (`user_id`) ON DELETE CASCADE,
  CONSTRAINT `user_roles_ibfk_2` FOREIGN KEY (`role_id`) REFERENCES `roles` (`role_id`) ON DELETE CASCADE
) ENGINE=InnoDB DEFAULT CHARSET=utf8mb4 COLLATE=utf8mb4_0900_ai_ci;
/*!40101 SET character_set_client = @saved_cs_client */;

--
-- Dumping data for table `user_roles`
--

LOCK TABLES `user_roles` WRITE;
/*!40000 ALTER TABLE `user_roles` DISABLE KEYS */;
INSERT INTO `user_roles` VALUES (17,2),(18,2),(19,2),(20,2),(21,2),(22,2),(23,2),(24,2),(25,2),(26,2),(28,2),(29,2),(30,2),(31,2),(32,2),(33,2),(34,2),(16,3);
/*!40000 ALTER TABLE `user_roles` ENABLE KEYS */;
UNLOCK TABLES;

--
-- Table structure for table `user_subscriptions`
--

DROP TABLE IF EXISTS `user_subscriptions`;
/*!40101 SET @saved_cs_client     = @@character_set_client */;
/*!50503 SET character_set_client = utf8mb4 */;
CREATE TABLE `user_subscriptions` (
  `subscription_id` int NOT NULL AUTO_INCREMENT,
  `user_id` int NOT NULL,
  `plan_id` int NOT NULL,
  `start_date` datetime NOT NULL,
  `end_date` datetime NOT NULL,
  `payment_status` enum('PENDING','COMPLETED','FAILED','REFUNED') NOT NULL,
  `subscription_status` enum('ACTIVE','EXPIRED','CANCELLED') DEFAULT 'ACTIVE',
  PRIMARY KEY (`subscription_id`),
  KEY `user_id` (`user_id`),
  KEY `plan_id` (`plan_id`),
  CONSTRAINT `user_subscriptions_ibfk_1` FOREIGN KEY (`user_id`) REFERENCES `users` (`user_id`) ON DELETE CASCADE,
  CONSTRAINT `user_subscriptions_ibfk_2` FOREIGN KEY (`plan_id`) REFERENCES `subscription_plans` (`plan_id`)
) ENGINE=InnoDB DEFAULT CHARSET=utf8mb4 COLLATE=utf8mb4_0900_ai_ci;
/*!40101 SET character_set_client = @saved_cs_client */;

--
-- Dumping data for table `user_subscriptions`
--

LOCK TABLES `user_subscriptions` WRITE;
/*!40000 ALTER TABLE `user_subscriptions` DISABLE KEYS */;
/*!40000 ALTER TABLE `user_subscriptions` ENABLE KEYS */;
UNLOCK TABLES;

--
-- Table structure for table `users`
--

DROP TABLE IF EXISTS `users`;
/*!40101 SET @saved_cs_client     = @@character_set_client */;
/*!50503 SET character_set_client = utf8mb4 */;
CREATE TABLE `users` (
  `user_id` int NOT NULL AUTO_INCREMENT,
  `email` varchar(100) NOT NULL,
  `password` varchar(255) NOT NULL,
  `phone_number` varchar(20) DEFAULT NULL,
  `is_verified` tinyint(1) DEFAULT '0',
  `registration_date` datetime DEFAULT CURRENT_TIMESTAMP,
  `last_login_date` datetime DEFAULT NULL,
  `account_status` enum('ACTIVE','INACTIVE','BLOCKED','DELETED') DEFAULT 'ACTIVE',
  PRIMARY KEY (`user_id`),
  UNIQUE KEY `email` (`email`)
) ENGINE=InnoDB AUTO_INCREMENT=35 DEFAULT CHARSET=utf8mb4 COLLATE=utf8mb4_0900_ai_ci;
/*!40101 SET character_set_client = @saved_cs_client */;

--
-- Dumping data for table `users`
--

LOCK TABLES `users` WRITE;
/*!40000 ALTER TABLE `users` DISABLE KEYS */;
INSERT INTO `users` VALUES (1,'alice@example.com1','hashed_password_1','0987654321',1,'2025-07-15 16:50:14','2025-07-15 16:50:14','ACTIVE'),(2,'bob@example.com','hashed_password_2','0976543210',0,'2025-07-15 16:50:14',NULL,'ACTIVE'),(3,'charlie@example.com','hashed_password_3','0965432109',1,'2025-07-15 16:50:14','2025-07-15 16:50:14','ACTIVE'),(4,'david@example.com','hashed_password_4','0954321098',1,'2025-07-15 16:50:14','2025-07-15 16:50:14','ACTIVE'),(5,'eve@example.com','hashed_password_5','0943210987',0,'2025-07-15 16:50:14',NULL,'ACTIVE'),(6,'frank@example.com','hashed_password_6','0932109876',1,'2025-07-15 16:50:14','2025-07-15 16:50:14','ACTIVE'),(7,'grace@example.com','hashed_password_7','0921098765',0,'2025-07-15 16:50:14',NULL,'ACTIVE'),(8,'henry@example.com','hashed_password_8','0910987654',1,'2025-07-15 16:50:14','2025-07-15 16:50:14','ACTIVE'),(9,'irene@example.com','hashed_password_9','0909876543',1,'2025-07-15 16:50:14','2025-07-15 16:50:14','BLOCKED'),(10,'jack@example.com','hashed_password_10','0898765432',1,'2025-07-15 16:50:14','2025-07-15 16:50:14','ACTIVE'),(11,'kate@example.com','hashed_password_11','0887654321',0,'2025-07-15 16:50:14',NULL,'BLOCKED'),(12,'leo@example.com','hashed_password_12','0876543210',1,'2025-07-15 16:50:14','2025-07-15 16:50:14','BLOCKED'),(13,'mia@example.com','hashed_password_13','0865432109',0,'2025-07-15 16:50:14',NULL,'ACTIVE'),(14,'nathan@example.com','hashed_password_14','0854321098',1,'2025-07-15 16:50:14','2025-07-15 16:50:14','ACTIVE'),(15,'olivia@example.com','hashed_password_15','0843210987',1,'2025-07-15 16:50:14','2025-07-15 16:50:14','ACTIVE'),(16,'admin@admin.com','$2a$10$13cWmaGLWjf7QgmZgrThyOe6F1yVg2/wRYZvSUXs1sP/KoZPp6hku',NULL,1,NULL,NULL,'ACTIVE'),(17,'a@gmail.com','$2a$10$QvPjn7sjAvfNGtyOH7t/aOVr3fko.xKCOxqXDZrZ/R0y18FbXqCYS','+84987654321',NULL,NULL,NULL,'ACTIVE'),(18,'b@gmail.com','$2a$10$UVYEU92ymAeYW.8DMMI3iucvpo1kQOXBU/8W9zgrrhtCal/Vzma.6','+84987654321',NULL,NULL,NULL,'ACTIVE'),(19,'c@gmail.com','$2a$10$k8ZDukUVwEh/n17b4eYZ..w7yAA1bRXq5WRbIPTlDWV73A/oJtjxe','+84987654321',NULL,NULL,NULL,'ACTIVE'),(20,'d@gmail.com','$2a$10$rJlqEQraSC702wPivkMItOIHHrPWZTexXuOatT0wusddezeUtfCwK','+84987654321',NULL,NULL,NULL,'ACTIVE'),(21,'f@gmail.com','$2a$10$JjZ3vv0wW8mPtaH0L3XkLOmnSNUrdOE0ChY/Vwsxl8IBckidgyQKi','+84987654321',NULL,NULL,NULL,'ACTIVE'),(22,'g@gmail.com','$2a$10$Zj1aL7SqlTUdVvOMHqKieeoVwJ.qALx0a5PAFKyqEdd08gGTlQJJC','+84987654321',NULL,NULL,NULL,'ACTIVE'),(23,'k@gmail.com','$2a$10$44a0UlfgK79ow4Y.ESi1S.urtDa2PMgGt4NNhkx3hqm9LqTY71OuO','+84987654321',NULL,NULL,NULL,'ACTIVE'),(24,'sangnv1214@gmail.com','$2a$10$aByl2s9c21i961x2oI/WDuBaUW80ZrkY7E2ZTLgacA1xkfLuzwnRK','0876169983',NULL,NULL,NULL,'ACTIVE'),(25,'sang1000000k@gmail.com','$2a$10$8du1QiOtv9FmDfaaDWmNv.lkE7bqZarsKNpkW7xeCbeZR57i7RK.u','02345678901',NULL,NULL,NULL,'ACTIVE'),(26,'sales@tauequipment.com','$2a$10$2Vsfb7uHUBrEbD7MzF13NOVKIoTMB.4mwgotVomhsKzjD9yEzxgUy','02345678901',NULL,NULL,NULL,'ACTIVE'),(28,'thiep@gmail.com','$2a$10$MgM12u4jjjvqkJXEP1JcAuc.V5ZkIMSzkgGtG7rMVoeX2m3zM/GB6','0876169983',NULL,NULL,NULL,'ACTIVE'),(29,'uy@gmail.com','$2a$10$4DsNrKB9P.diQ484v7ruk.iQR2cPuEoxiDys0rcsQ8F2OwsPgrhlC','0369298037',NULL,NULL,NULL,'ACTIVE'),(30,'tai@gmail.com','$2a$10$kh7dXDv2/09L6T4.1iMQpe3QyGGRVIz1NYh9CZoEeJCmaBK3kU4LO','0999888777',NULL,NULL,NULL,'ACTIVE'),(31,'hoang4436@gmail.com','$2a$10$untwXz62LZcTxN0JAWnHEuhWsNvFXNFZsawleoTf5JIaEv1j5XeYK','09472746209',NULL,NULL,NULL,'ACTIVE'),(32,'luyen6998@gmail.com','$2a$10$bZiSRDrojpVV5jmD64mSh.jh1jTPlY1EWFv/zcKA/YKNOyX9PUSCm','0936482745',NULL,NULL,NULL,'ACTIVE'),(33,'tai8872@gmail.com','$2a$10$WNKWha2LfMDsQuUGf0f1qOgMXAiWBOWbuojFUomH4C0.zGCUV7GWe','0222938743',NULL,NULL,NULL,'ACTIVE'),(34,'thiengiotai118@gmail.com','$2a$10$XGl2j0h8jW.QawAw7U3AFODoFUr3ykkutR8UOCs6kZviJS5dcnaYO','09998362832',NULL,NULL,NULL,'ACTIVE');
/*!40000 ALTER TABLE `users` ENABLE KEYS */;
UNLOCK TABLES;

--
-- Table structure for table `video`
--

DROP TABLE IF EXISTS `video`;
/*!40101 SET @saved_cs_client     = @@character_set_client */;
/*!50503 SET character_set_client = utf8mb4 */;
CREATE TABLE `video` (
  `video_id` int NOT NULL AUTO_INCREMENT,
  `user_id` int NOT NULL,
  `video_url` varchar(255) NOT NULL,
  `upload_date` datetime DEFAULT CURRENT_TIMESTAMP,
  `is_approved` tinyint(1) DEFAULT '0',
  `is_story` tinyint(1) DEFAULT '0',
  `reviewed_by` int DEFAULT NULL,
  `review_date` datetime DEFAULT NULL,
  PRIMARY KEY (`video_id`),
  KEY `user_id` (`user_id`),
  KEY `reviewed_by` (`reviewed_by`),
  CONSTRAINT `video_ibfk_1` FOREIGN KEY (`user_id`) REFERENCES `users` (`user_id`) ON DELETE CASCADE,
  CONSTRAINT `video_ibfk_2` FOREIGN KEY (`reviewed_by`) REFERENCES `users` (`user_id`) ON DELETE SET NULL
) ENGINE=InnoDB AUTO_INCREMENT=5 DEFAULT CHARSET=utf8mb4 COLLATE=utf8mb4_0900_ai_ci;
/*!40101 SET character_set_client = @saved_cs_client */;

--
-- Dumping data for table `video`
--

LOCK TABLES `video` WRITE;
/*!40000 ALTER TABLE `video` DISABLE KEYS */;
INSERT INTO `video` VALUES (1,16,'http://res.cloudinary.com/dvgxke1mp/video/upload/v1752982308/srqundnl4nqnhuulgunp.mp4','2025-07-20 10:33:58',1,0,NULL,NULL),(2,16,'http://res.cloudinary.com/dvgxke1mp/video/upload/v1755419084/zveagndmlw778cdtxfkk.mov','2025-08-17 15:24:49',1,0,NULL,NULL),(3,23,'http://res.cloudinary.com/dvgxke1mp/video/upload/v1756181543/wmxvbx6x0vbl6vjqwx5p.mp4','2025-08-26 11:12:31',1,0,NULL,NULL),(4,19,'http://res.cloudinary.com/dvgxke1mp/video/upload/v1756181662/svuqq5oxjyy8yrlyh2lx.mp4','2025-08-26 11:14:30',1,0,NULL,NULL);
/*!40000 ALTER TABLE `video` ENABLE KEYS */;
UNLOCK TABLES;
/*!40103 SET TIME_ZONE=@OLD_TIME_ZONE */;

/*!40101 SET SQL_MODE=@OLD_SQL_MODE */;
/*!40014 SET FOREIGN_KEY_CHECKS=@OLD_FOREIGN_KEY_CHECKS */;
/*!40014 SET UNIQUE_CHECKS=@OLD_UNIQUE_CHECKS */;
/*!40101 SET CHARACTER_SET_CLIENT=@OLD_CHARACTER_SET_CLIENT */;
/*!40101 SET CHARACTER_SET_RESULTS=@OLD_CHARACTER_SET_RESULTS */;
/*!40101 SET COLLATION_CONNECTION=@OLD_COLLATION_CONNECTION */;
/*!40111 SET SQL_NOTES=@OLD_SQL_NOTES */;

-- Dump completed on 2025-09-24 13:40:23
